Commit,File Sha,Type,Path,Lines Added,Lines Deleted,Current Lines,Commit Author,Commit Date Utc,Commit Message,Work Items
4007dbb0053b857bc4bb6ac611c33b324a9d5e34,dfcfd56f444f9ae40e1082c07fe254cc547136cf,Added,.gitignore,350,0,350,1,03/19/2023 22:49:39,Initial commit,0
4007dbb0053b857bc4bb6ac611c33b324a9d5e34,85c3fdcc0c3a6cccdbf52a6087d05cc7b350fccf,Added,LICENSE,21,0,21,1,03/19/2023 22:49:39,Initial commit,0
4007dbb0053b857bc4bb6ac611c33b324a9d5e34,a75802a56440260f8c4028fc8315be8c55e8de23,Added,README.md,2,0,2,1,03/19/2023 22:49:39,Initial commit,0
295b7306e4522ed7cc95f867db0a3187b70a6488,48709110cbcad4d8101530d2be4c9577023eb1d4,Modified,.gitignore,4,0,354,1,03/20/2023 01:36:32,Ported over code,0
295b7306e4522ed7cc95f867db0a3187b70a6488,eef143a808b28b559ae2f3e3d3027ec67de44383,Added,.vscode/settings.json,5,0,5,1,03/20/2023 01:36:32,Ported over code,0
295b7306e4522ed7cc95f867db0a3187b70a6488,30398aa174b32430489b0a66ab163197c1806918,Added,PythonPrototype/GitAnalysis.twbx,0,0,16537,1,03/20/2023 01:36:32,Ported over code,0
295b7306e4522ed7cc95f867db0a3187b70a6488,6fa95ed5885352a566671dcecae965a833a2bd1c,Added,PythonPrototype/GitStractor.ipynb,247,0,247,1,03/20/2023 01:36:32,Ported over code,0
295b7306e4522ed7cc95f867db0a3187b70a6488,ceae389dfbae0ff93ca816bb994936499f0c0c79,Added,PythonPrototype/Scripts/FileAnalyzer.py,189,0,189,1,03/20/2023 01:36:32,Ported over code,0
295b7306e4522ed7cc95f867db0a3187b70a6488,fd720f4dc9281e1cf58c88c15f9397347b730648,Added,PythonPrototype/Scripts/GitAnalyzer.py,148,0,148,1,03/20/2023 01:36:32,Ported over code,0
295b7306e4522ed7cc95f867db0a3187b70a6488,b5758b2cf247299c3eda063edc31a8524729e730,Added,PythonPrototype/Scripts/GitDataMerger.py,109,0,109,1,03/20/2023 01:36:32,Ported over code,0
295b7306e4522ed7cc95f867db0a3187b70a6488,cc206cd435c100d6172a941fbc67398ae2193e30,Modified,README.md,42,2,42,1,03/20/2023 01:36:32,Ported over code,0
8b1c4e608426c2cdd04f74f206a06fe4ff84a268,d6358cb3e0e7286b3e1873b7a58d657dc25e0c56,Modified,.vscode/settings.json,1,0,6,1,03/20/2023 01:52:51,Fixed build issues,0
8b1c4e608426c2cdd04f74f206a06fe4ff84a268,d94bb9238f9f1f3a98b73f72ee3ebf6579bd124b,Added,PythonPrototype/Commits.csv,3,0,3,1,03/20/2023 01:52:51,Fixed build issues,0
8b1c4e608426c2cdd04f74f206a06fe4ff84a268,dd3f5528d221264a100c3ba5974e107007e53b09,Added,PythonPrototype/FileCommits.csv,12,0,12,1,03/20/2023 01:52:51,Fixed build issues,0
8b1c4e608426c2cdd04f74f206a06fe4ff84a268,7142f1c7439df0d3b093efc41e90a18051b10e2e,Added,PythonPrototype/FileData.csv,6,0,6,1,03/20/2023 01:52:51,Fixed build issues,0
8b1c4e608426c2cdd04f74f206a06fe4ff84a268,8cde4ef028ee7866faa4fadff76b4c9487bcd98c,Added,PythonPrototype/FileSizes.csv,6,0,6,1,03/20/2023 01:52:51,Fixed build issues,0
8b1c4e608426c2cdd04f74f206a06fe4ff84a268,0000000000000000000000000000000000000000,Deleted,PythonPrototype/GitAnalysis.twbx,0,0,0,1,03/20/2023 01:52:51,Fixed build issues,0
8b1c4e608426c2cdd04f74f206a06fe4ff84a268,391de210de5dee889acf9ad8c1bb97832cf3c5dc,Modified,PythonPrototype/GitStractor.ipynb,12,10,249,1,03/20/2023 01:52:51,Fixed build issues,0
8b1c4e608426c2cdd04f74f206a06fe4ff84a268,f4f48b87188d65eb0b84af4ec98c9d154611cb8b,Added,PythonPrototype/GitStractor.twb,6877,0,6877,1,03/20/2023 01:52:51,Fixed build issues,0
8b1c4e608426c2cdd04f74f206a06fe4ff84a268,a3c12dc0cc6a32b047653516b64234b314ea79f0,Added,PythonPrototype/MergedFileData.csv,7,0,7,1,03/20/2023 01:52:51,Fixed build issues,0
8b1c4e608426c2cdd04f74f206a06fe4ff84a268,6cdc5b6ed3e7a43c6f6ebc2abeee5b562abd98d4,Modified,PythonPrototype/Scripts/GitAnalyzer.py,0,12,136,1,03/20/2023 01:52:51,Fixed build issues,0
8b1c4e608426c2cdd04f74f206a06fe4ff84a268,ceb7d33cd8266e99df7c97747bed125cbed45863,Modified,README.md,4,2,44,1,03/20/2023 01:52:51,Fixed build issues,0
fcf265e2bdb57db6420a139416487e11930fef33,9fdef51574d44d6e192826e3759bffde76d9b3e1,Modified,README.md,2,1,45,1,03/26/2023 04:24:20,Updated documentation,0
cc68e3f73810063dab7a89fd54635cbfd21bdf2f,6909b37471ae98b54c70efb6ca4729f0aef0b589,Modified,.gitignore,2,0,356,1,03/26/2023 04:24:22,Merge remote-tracking branch 'origin/main' into main,0
cc68e3f73810063dab7a89fd54635cbfd21bdf2f,674366f265500eb86a429eab6c1a21fa867e51de,Added,GitStractor/GitStractor.CLI/GitStractor.CLI.csproj,16,0,16,1,03/26/2023 04:24:22,Merge remote-tracking branch 'origin/main' into main,0
cc68e3f73810063dab7a89fd54635cbfd21bdf2f,1397f82fcad586a2e2ed2f047d97f7cfe17e209a,Added,GitStractor/GitStractor.CLI/Program.cs,33,0,33,1,03/26/2023 04:24:22,Merge remote-tracking branch 'origin/main' into main,0
cc68e3f73810063dab7a89fd54635cbfd21bdf2f,83af6139dbab15d4499f960549f9ab7269e82c6f,Added,GitStractor/GitStractor.Tests/GitStractor.Tests.csproj,29,0,29,1,03/26/2023 04:24:22,Merge remote-tracking branch 'origin/main' into main,0
cc68e3f73810063dab7a89fd54635cbfd21bdf2f,cc9835f233aec52f883c00cff35096069ebc5c99,Added,GitStractor/GitStractor.Tests/GitStractorAnalyzerTests.cs,48,0,48,1,03/26/2023 04:24:22,Merge remote-tracking branch 'origin/main' into main,0
cc68e3f73810063dab7a89fd54635cbfd21bdf2f,3ffd03fe9723d50fecf7c63799efe46e1e4cefc7,Added,GitStractor/GitStractor.Tests/Usings.cs,2,0,2,1,03/26/2023 04:24:22,Merge remote-tracking branch 'origin/main' into main,0
cc68e3f73810063dab7a89fd54635cbfd21bdf2f,9aa5f5696b723134747673ea11680cc5cce85393,Added,GitStractor/GitStractor.ndproj,551,0,551,1,03/26/2023 04:24:22,Merge remote-tracking branch 'origin/main' into main,0
cc68e3f73810063dab7a89fd54635cbfd21bdf2f,fcfefe4065e2a4133aa71da5e478284a7d1e11a9,Added,GitStractor/GitStractor.sln,46,0,46,1,03/26/2023 04:24:22,Merge remote-tracking branch 'origin/main' into main,0
cc68e3f73810063dab7a89fd54635cbfd21bdf2f,c90ec52d412f2deb369e5f997cf8f58553151d93,Added,GitStractor/GitStractor.sln.DotSettings,4,0,4,1,03/26/2023 04:24:22,Merge remote-tracking branch 'origin/main' into main,0
cc68e3f73810063dab7a89fd54635cbfd21bdf2f,85e38ff75c634ce0121fb58d90113a1299bbdc01,Added,GitStractor/GitStractor/GitDataExtractor.cs,85,0,85,1,03/26/2023 04:24:22,Merge remote-tracking branch 'origin/main' into main,0
cc68e3f73810063dab7a89fd54635cbfd21bdf2f,f3d7c6f54769af5a500650ac6bc1bf8e55fab0aa,Added,GitStractor/GitStractor/GitExtractionOptions.cs,26,0,26,1,03/26/2023 04:24:22,Merge remote-tracking branch 'origin/main' into main,0
cc68e3f73810063dab7a89fd54635cbfd21bdf2f,d2d81baf5fc3bb595f208e9bf58c504d2ff678bb,Added,GitStractor/GitStractor/GitStractor.csproj,15,0,15,1,03/26/2023 04:24:22,Merge remote-tracking branch 'origin/main' into main,0
cc68e3f73810063dab7a89fd54635cbfd21bdf2f,188f4ebf4ffebaf24a000f77a410443a73facd4f,Added,GitStractor/GitStractor/GlobalUsings.cs,7,0,7,1,03/26/2023 04:24:22,Merge remote-tracking branch 'origin/main' into main,0
cc68e3f73810063dab7a89fd54635cbfd21bdf2f,4e57fe9a3ad7307c440334e96f68ca95124a0687,Added,GitStractor/GitStractor/Model/CommitInfo.cs,96,0,96,1,03/26/2023 04:24:22,Merge remote-tracking branch 'origin/main' into main,0
cc68e3f73810063dab7a89fd54635cbfd21bdf2f,3e13f91a048a1cc1775c9d04b2a5ba0be4558969,Added,GitStractor/GitStractor/Utilities/CsvExtensions.cs,21,0,21,1,03/26/2023 04:24:22,Merge remote-tracking branch 'origin/main' into main,0
cc68e3f73810063dab7a89fd54635cbfd21bdf2f,6988d9d76fddc602ad528b46220c8e02ce2e4fc8,Added,GitStractor/GitStractor/Utilities/FileUtilities.cs,41,0,41,1,03/26/2023 04:24:22,Merge remote-tracking branch 'origin/main' into main,0
cc68e3f73810063dab7a89fd54635cbfd21bdf2f,1ae59726b5798f1ca2dfc7df9b0b9e8702d3d65f,Added,GitStractor/NDependCoverage.xml,73,0,73,1,03/26/2023 04:24:22,Merge remote-tracking branch 'origin/main' into main,0
4273f9670bbb6866502e156eb1f4c96d2c74876a,250a4d6602081bcb04c24c6b49e5421f2101dd05,Modified,GitStractor/GitStractor.sln,0,3,43,1,03/27/2023 00:15:58,Added bytes,0
4273f9670bbb6866502e156eb1f4c96d2c74876a,670ed9def74f8bf6c936fd03bc8bfc0d0d538b18,Modified,GitStractor/GitStractor/GitDataExtractor.cs,21,4,102,1,03/27/2023 00:15:58,Added bytes,0
4273f9670bbb6866502e156eb1f4c96d2c74876a,0461bc2d9811cd368edc2547ec8560576cd8313c,Modified,GitStractor/GitStractor/Model/CommitInfo.cs,5,0,101,1,03/27/2023 00:15:58,Added bytes,0
9dd71a3ed938e36ac7be6463363d531e96250189,b8996a1330ea0fa115ca1d7a2486d22776407e53,Modified,GitStractor/GitStractor.CLI/Program.cs,2,1,34,1,03/27/2023 00:51:33,Author writing,0
9dd71a3ed938e36ac7be6463363d531e96250189,81361a0ec639d82ec5261021c6f73f911290f418,Modified,GitStractor/GitStractor.Tests/GitStractorAnalyzerTests.cs,4,2,50,1,03/27/2023 00:51:33,Author writing,0
9dd71a3ed938e36ac7be6463363d531e96250189,7000bece4ee89077c46aa65fd8eb84142e7769ac,Modified,GitStractor/GitStractor/GitDataExtractor.cs,70,12,160,1,03/27/2023 00:51:33,Author writing,0
9dd71a3ed938e36ac7be6463363d531e96250189,2444ceb2b7da1b4e5facc49f695a567cd1cea4d5,Modified,GitStractor/GitStractor/GitExtractionOptions.cs,6,0,32,1,03/27/2023 00:51:33,Author writing,0
9dd71a3ed938e36ac7be6463363d531e96250189,6f6d184d6cd0ba6be7593cd622e6978f19c31a54,Added,GitStractor/GitStractor/Model/AuthorInfo.cs,15,0,15,1,03/27/2023 00:51:33,Author writing,0
14dce85850cd0034ab3cd4d8810f574b47ff51b4,0f0bfbb8f3b2c39b367e46107f233ccedd683f21,Modified,GitStractor/GitStractor/GitDataExtractor.cs,5,7,158,1,03/27/2023 00:57:35,Denormalized author info from commit data,0
14dce85850cd0034ab3cd4d8810f574b47ff51b4,8a199bfb6bfe0878f7ec929db54714fd75776c52,Modified,GitStractor/GitStractor/Model/CommitInfo.cs,6,18,89,1,03/27/2023 00:57:35,Denormalized author info from commit data,0
8f5ff47612a1629dc2e459d743ec324cfed85be3,e19d0b12ca1abe5325c2eb5307089d66f48719a9,Added,GitStractor/.idea/.idea.GitStractor/.idea/.gitignore,13,0,13,1,03/28/2023 03:20:07,Refactoring code to be more testable,0
8f5ff47612a1629dc2e459d743ec324cfed85be3,df87cf951fb4858ab7a76b68dd479c98b2df2404,Added,GitStractor/.idea/.idea.GitStractor/.idea/encodings.xml,4,0,4,1,03/28/2023 03:20:07,Refactoring code to be more testable,0
8f5ff47612a1629dc2e459d743ec324cfed85be3,7b08163cebc50fb3e777eea4881b68fcebc10590,Added,GitStractor/.idea/.idea.GitStractor/.idea/indexLayout.xml,8,0,8,1,03/28/2023 03:20:07,Refactoring code to be more testable,0
8f5ff47612a1629dc2e459d743ec324cfed85be3,6c0b8635858dc7ad44b93df54b762707ce49eefc,Added,GitStractor/.idea/.idea.GitStractor/.idea/vcs.xml,6,0,6,1,03/28/2023 03:20:07,Refactoring code to be more testable,0
8f5ff47612a1629dc2e459d743ec324cfed85be3,0bce88711f5a44b2254d4345fac934cae7bf525b,Modified,GitStractor/GitStractor.CLI/Program.cs,12,4,42,1,03/28/2023 03:20:07,Refactoring code to be more testable,0
8f5ff47612a1629dc2e459d743ec324cfed85be3,53ec34c7d23970c4c8f37b949d08aa49febd79ac,Modified,GitStractor/GitStractor.Tests/GitStractorAnalyzerTests.cs,6,5,51,1,03/28/2023 03:20:07,Refactoring code to be more testable,0
8f5ff47612a1629dc2e459d743ec324cfed85be3,cc9f98b28debf5a5b3f309c85b04b0fbb014be4d,Modified,GitStractor/GitStractor/GitDataExtractor.cs,21,29,150,1,03/28/2023 03:20:07,Refactoring code to be more testable,0
8f5ff47612a1629dc2e459d743ec324cfed85be3,27baa409d58a19b7b5fabc81eab7fbd6c3cae313,Modified,GitStractor/GitStractor/GitExtractionOptions.cs,5,7,30,1,03/28/2023 03:20:07,Refactoring code to be more testable,0
8f5ff47612a1629dc2e459d743ec324cfed85be3,f721938d82e041e5acabc2b1e0c4c4146f320ae1,Modified,GitStractor/GitStractor/Model/AuthorInfo.cs,5,0,20,1,03/28/2023 03:20:07,Refactoring code to be more testable,0
8f5ff47612a1629dc2e459d743ec324cfed85be3,474713da959c4fe75e6de5c65cd83a9c8503820c,Added,GitStractor/GitStractor/Writers/AuthorCompoundDataWriter.cs,40,0,40,1,03/28/2023 03:20:07,Refactoring code to be more testable,0
8f5ff47612a1629dc2e459d743ec324cfed85be3,21adaaa9b82ac862701c9410e7c97437035d98dc,Added,GitStractor/GitStractor/Writers/AuthorConsoleDataWriter.cs,29,0,29,1,03/28/2023 03:20:07,Refactoring code to be more testable,0
8f5ff47612a1629dc2e459d743ec324cfed85be3,ad9e8376972550aabc3903db8a163fa950267bb9,Added,GitStractor/GitStractor/Writers/AuthorCsvDataWriter.cs,44,0,44,1,03/28/2023 03:20:07,Refactoring code to be more testable,0
8f5ff47612a1629dc2e459d743ec324cfed85be3,b948114cea07a54b07cdf244fc9e1063e2aa8970,Added,GitStractor/GitStractor/Writers/AuthorDataWriter.cs,17,0,17,1,03/28/2023 03:20:07,Refactoring code to be more testable,0
c7ed357a8c38915e1a7316ab30dba2ab9b9c00bf,1e17dd17d9c6ed81b45fee492aa508a5d266a3fc,Modified,GitStractor/GitStractor.CLI/Program.cs,6,5,43,1,03/28/2023 03:37:35,Better author testing,0
c7ed357a8c38915e1a7316ab30dba2ab9b9c00bf,73fce44530a30f755c7196e5a8b84645379b3a9e,Modified,GitStractor/GitStractor.Tests/GitStractor.Tests.csproj,1,0,30,1,03/28/2023 03:37:35,Better author testing,0
c7ed357a8c38915e1a7316ab30dba2ab9b9c00bf,4ffd9c70ea64559c8d9c3e5b546afe1e6a381571,Modified,GitStractor/GitStractor.Tests/GitStractorAnalyzerTests.cs,31,33,49,1,03/28/2023 03:37:35,Better author testing,0
c7ed357a8c38915e1a7316ab30dba2ab9b9c00bf,f274a6382e88236674282c236f42776112102502,Added,GitStractor/GitStractor.Tests/GitStractorAuthorTests.cs,31,0,31,1,03/28/2023 03:37:35,Better author testing,0
c7ed357a8c38915e1a7316ab30dba2ab9b9c00bf,f6e41904e66d3b6be4882e8c04ccd931d68e8d46,Modified,GitStractor/GitStractor/GitDataExtractor.cs,12,15,147,1,03/28/2023 03:37:35,Better author testing,0
c7ed357a8c38915e1a7316ab30dba2ab9b9c00bf,aff4d4bb5ae76c6ce0b6b59bf3835a45fe2dcbf8,Modified,GitStractor/GitStractor/Writers/AuthorConsoleDataWriter.cs,13,14,28,1,03/28/2023 03:37:35,Better author testing,0
c7ed357a8c38915e1a7316ab30dba2ab9b9c00bf,4366ab25ce4cc7630f2d29fc8a2486d669e20a8c,Added,GitStractor/GitStractor/Writers/AuthorInMemoryDataWriter.cs,28,0,28,1,03/28/2023 03:37:35,Better author testing,0
07b5d0be103a4c6ee83724d4bdb78961361ab6de,cb334f247c80dfe2f618e1d1f241d80ac0c2a15e,Modified,GitStractor/GitStractor.CLI/Program.cs,18,13,48,1,03/28/2023 04:17:57,Some significant cleanup and tests for commit extraction,0
07b5d0be103a4c6ee83724d4bdb78961361ab6de,8e415207d49a78ed4ebb866680fccf803cafcf5b,Modified,GitStractor/GitStractor.Tests/GitStractorAnalyzerTests.cs,82,6,125,1,03/28/2023 04:17:57,Some significant cleanup and tests for commit extraction,0
07b5d0be103a4c6ee83724d4bdb78961361ab6de,a6ac6e0b73b7ed7d25a5e3e0c825755874aa8992,Modified,GitStractor/GitStractor.Tests/GitStractorAuthorTests.cs,2,4,29,1,03/28/2023 04:17:57,Some significant cleanup and tests for commit extraction,0
07b5d0be103a4c6ee83724d4bdb78961361ab6de,00e2b5b2afacd7055a91af5ead650409060fee01,Modified,GitStractor/GitStractor/GitDataExtractor.cs,16,20,143,1,03/28/2023 04:17:57,Some significant cleanup and tests for commit extraction,0
07b5d0be103a4c6ee83724d4bdb78961361ab6de,5b0fc2217a699e3f6442a3a91cc391d37f60c091,Modified,GitStractor/GitStractor/GitExtractionOptions.cs,1,12,19,1,03/28/2023 04:17:57,Some significant cleanup and tests for commit extraction,0
07b5d0be103a4c6ee83724d4bdb78961361ab6de,eda2c2358e6d2deb085ceee37da163665a02299b,Modified,GitStractor/GitStractor/Utilities/FileUtilities.cs,3,12,32,1,03/28/2023 04:17:57,Some significant cleanup and tests for commit extraction,0
07b5d0be103a4c6ee83724d4bdb78961361ab6de,17866f5d17bb90197b51f297db8e3767683bc1c5,Added,GitStractor/GitStractor/Writers/CommitCompoundDataWriter.cs,40,0,40,1,03/28/2023 04:17:57,Some significant cleanup and tests for commit extraction,0
07b5d0be103a4c6ee83724d4bdb78961361ab6de,89a4cbc3b602942cd51c6bfd54f4ffd0145f4d50,Added,GitStractor/GitStractor/Writers/CommitConsoleDataWriter.cs,13,0,13,1,03/28/2023 04:17:57,Some significant cleanup and tests for commit extraction,0
07b5d0be103a4c6ee83724d4bdb78961361ab6de,1d053b6bed1d792e1ec1c639fd7d96ac5dc3d998,Added,GitStractor/GitStractor/Writers/CommitCsvDataWriter.cs,45,0,45,1,03/28/2023 04:17:57,Some significant cleanup and tests for commit extraction,0
07b5d0be103a4c6ee83724d4bdb78961361ab6de,62eabe0c381fee50630a5d9823bd51628a12a4f3,Added,GitStractor/GitStractor/Writers/CommitDataWriter.cs,8,0,8,1,03/28/2023 04:17:57,Some significant cleanup and tests for commit extraction,0
07b5d0be103a4c6ee83724d4bdb78961361ab6de,ecacffa54b82fb5a7c26cc7df6087864133d6feb,Added,GitStractor/GitStractor/Writers/CommitInMemoryDataWriter.cs,28,0,28,1,03/28/2023 04:17:57,Some significant cleanup and tests for commit extraction,0
07b5d0be103a4c6ee83724d4bdb78961361ab6de,98804ae84d6d460d5b9f01da76f17214293787d9,Added,GitStractor/GitStractor/Writers/DataWriterBase.cs,17,0,17,1,03/28/2023 04:17:57,Some significant cleanup and tests for commit extraction,0
07b5d0be103a4c6ee83724d4bdb78961361ab6de,877de8552452f18fcd0125ede16cd36eab61cf50,Added,PythonPrototype/readme.md,41,0,41,1,03/28/2023 04:17:57,Some significant cleanup and tests for commit extraction,0
07b5d0be103a4c6ee83724d4bdb78961361ab6de,54197d3f33dfb8ce21e351a33955177306ad888c,Modified,README.md,8,32,21,1,03/28/2023 04:17:57,Some significant cleanup and tests for commit extraction,0
91ff98ce59a421be5ca7c32ce9bf4e503f0c99c2,dd84ea7824f11be1eeda22377549cbc1aec7f980,Added,.github/ISSUE_TEMPLATE/bug_report.md,38,0,38,1,03/28/2023 04:22:39,Update issue templates,0
91ff98ce59a421be5ca7c32ce9bf4e503f0c99c2,bbcbbe7d61558adde3cbfd0c7a63a67c27ed6d30,Added,.github/ISSUE_TEMPLATE/feature_request.md,20,0,20,1,03/28/2023 04:22:39,Update issue templates,0
4b75a6de382eece98ec764165b71edd5d193df9d,c232425b0dcefa859ece78fcb3e5ec05609c8d43,Added,CONTRIBUTING.md,5,0,5,1,03/28/2023 04:24:35,Create CONTRIBUTING.md,0
344a1743fa95b05eb49f908ee28228a99933e427,5bc1be9e97d7d1f12d1468cfdacd68ce5ab49ba8,Added,CODE_OF_CONDUCT.md,128,0,128,1,03/28/2023 04:25:21,Create CODE_OF_CONDUCT.md,0
cff5d404605f37a8f614520380c18102322aa912,c1f8fc6c8ae0bfccc955cafcefe29c8bb7cfabb0,Added,.github/FUNDING.yml,13,0,13,1,03/28/2023 04:26:36,Create .github/FUNDING.yml,0
32b421c8c2c6bd947e2788d02da7b3e1791b1a59,2be03d9e2056d1fd5efc3835bfa29e2fe7028e06,Modified,README.md,3,1,23,1,03/28/2023 12:57:26,Update README.md,0
9baa8bc6d48c57509ad4b63545658587e086f136,4ba2fc9cab6b2de61303bb085c5c41b12e830d82,Modified,GitStractor/GitStractor.CLI/Program.cs,5,0,53,1,03/31/2023 04:17:13,Merge branch 'FileSupport' into main,0
9baa8bc6d48c57509ad4b63545658587e086f136,8a7dec0eba0aabf50058be50343e4934699e105b,Modified,GitStractor/GitStractor.Tests/GitStractorAnalyzerTests.cs,4,1,128,1,03/31/2023 04:17:13,Merge branch 'FileSupport' into main,0
9baa8bc6d48c57509ad4b63545658587e086f136,7d9a7a31041a647725496be641a2e3694ab62c94,Modified,GitStractor/GitStractor.Tests/GitStractorAuthorTests.cs,2,1,30,1,03/31/2023 04:17:13,Merge branch 'FileSupport' into main,0
9baa8bc6d48c57509ad4b63545658587e086f136,7171d5376ae5f0ae454a9be576bcd84e516c55d1,Modified,GitStractor/GitStractor/GitDataExtractor.cs,144,25,262,1,03/31/2023 04:17:13,Merge branch 'FileSupport' into main,0
9baa8bc6d48c57509ad4b63545658587e086f136,09f1b308e9e7c151896eb885545d45747545dcf4,Modified,GitStractor/GitStractor/GitExtractionOptions.cs,12,0,31,1,03/31/2023 04:17:13,Merge branch 'FileSupport' into main,0
9baa8bc6d48c57509ad4b63545658587e086f136,f0273f50128ff4695aa5ffb9087624273a0b1209,Added,GitStractor/GitStractor/GitTreeInfo.cs,34,0,34,1,03/31/2023 04:17:13,Merge branch 'FileSupport' into main,0
9baa8bc6d48c57509ad4b63545658587e086f136,cf6985603a593fd1ba118b58c9aa98b00238c63c,Modified,GitStractor/GitStractor/Model/CommitInfo.cs,19,4,104,1,03/31/2023 04:17:13,Merge branch 'FileSupport' into main,0
9baa8bc6d48c57509ad4b63545658587e086f136,a6bc0c2b30507bcb28efb04337aebc522619ad3c,Added,GitStractor/GitStractor/Model/FileState.cs,11,0,11,1,03/31/2023 04:17:13,Merge branch 'FileSupport' into main,0
9baa8bc6d48c57509ad4b63545658587e086f136,60b7448909e6877bcb83f7bed232bacc59980c89,Added,GitStractor/GitStractor/Model/RepositoryFileInfo.cs,65,0,65,1,03/31/2023 04:17:13,Merge branch 'FileSupport' into main,0
9baa8bc6d48c57509ad4b63545658587e086f136,91f210edb1b82382e98a2efaf11ed7da68690039,Modified,GitStractor/GitStractor/Utilities/CsvExtensions.cs,2,2,21,1,03/31/2023 04:17:13,Merge branch 'FileSupport' into main,0
9baa8bc6d48c57509ad4b63545658587e086f136,bb9ec9326166a92124566dcfdc3634075a5fd7da,Modified,GitStractor/GitStractor/Writers/AuthorDataWriter.cs,1,10,8,1,03/31/2023 04:17:13,Merge branch 'FileSupport' into main,0
9baa8bc6d48c57509ad4b63545658587e086f136,4ba4daa0551b6fb08626d1dd20a6606de9669207,Modified,GitStractor/GitStractor/Writers/CommitCsvDataWriter.cs,2,2,45,1,03/31/2023 04:17:13,Merge branch 'FileSupport' into main,0
9baa8bc6d48c57509ad4b63545658587e086f136,81536604a25d15033b3925a16fc455a0e4afe84e,Added,GitStractor/GitStractor/Writers/FileCompoundDataWriter.cs,40,0,40,1,03/31/2023 04:17:13,Merge branch 'FileSupport' into main,0
9baa8bc6d48c57509ad4b63545658587e086f136,db819af7aecfeed90e31f614012cdbdf816c7376,Added,GitStractor/GitStractor/Writers/FileConsoleDataWriter.cs,21,0,21,1,03/31/2023 04:17:13,Merge branch 'FileSupport' into main,0
9baa8bc6d48c57509ad4b63545658587e086f136,2a8ce89064aa7a5b6166804830a5f0c36625b3d5,Added,GitStractor/GitStractor/Writers/FileCsvDataWriter.cs,49,0,49,1,03/31/2023 04:17:13,Merge branch 'FileSupport' into main,0
9baa8bc6d48c57509ad4b63545658587e086f136,e11ff3ba257f635f0f7eae35d5df7b00bb1e3869,Added,GitStractor/GitStractor/Writers/FileDataWriter.cs,8,0,8,1,03/31/2023 04:17:13,Merge branch 'FileSupport' into main,0
9baa8bc6d48c57509ad4b63545658587e086f136,1d20d380c927e31803cc7ed088a79a447926915e,Added,GitStractor/GitStractor/Writers/FileInMemoryDataWriter.cs,28,0,28,1,03/31/2023 04:17:13,Merge branch 'FileSupport' into main,0
47be8ad568fc6f57175ec3a8f61f94f5bd4730ab,b065aedba713705369b394bc5a5a7b9ec93fe635,Renamed,GitStractor/GitStract/GitStract.csproj,3,0,19,1,03/31/2023 04:28:02,Renamed GitStractor.CLI to gitstract for a better command-line name,0
47be8ad568fc6f57175ec3a8f61f94f5bd4730ab,967d940384f6057429cc2be4bb3c7479553ec03a,Renamed,GitStractor/GitStract/Program.cs,6,0,59,1,03/31/2023 04:28:02,Renamed GitStractor.CLI to gitstract for a better command-line name,0
47be8ad568fc6f57175ec3a8f61f94f5bd4730ab,3a3930b198801d0a0fd22e616d1f61843b0d3046,Added,GitStractor/GitStract/favicon.ico,0,0,1,1,03/31/2023 04:28:02,Renamed GitStractor.CLI to gitstract for a better command-line name,0
47be8ad568fc6f57175ec3a8f61f94f5bd4730ab,8350f2169e8d8f831463da2ac38c2929338acce4,Modified,GitStractor/GitStractor.sln,1,1,43,1,03/31/2023 04:28:02,Renamed GitStractor.CLI to gitstract for a better command-line name,0
69971287fc10168322e398ba4cdc73c9549c7579,b07d996e6f1506743e46de4d98794e6ce8369d7a,Modified,GitStractor/GitStract/Program.cs,1,19,41,1,04/01/2023 01:12:09,NuGet Package Support,0
69971287fc10168322e398ba4cdc73c9549c7579,66376ff84c690d6388f0e3af697bcb927b879445,Added,GitStractor/GitStractor/CircleLogoTrans.png,0,0,641,1,04/01/2023 01:12:09,NuGet Package Support,0
69971287fc10168322e398ba4cdc73c9549c7579,d8b46912238fbc0ee6a2446c5d3807be02c0eb07,Modified,GitStractor/GitStractor/GitExtractionOptions.cs,39,1,69,1,04/01/2023 01:12:09,NuGet Package Support,0
69971287fc10168322e398ba4cdc73c9549c7579,51822cb891ebfe23590f55304f11ae0ef56670a0,Modified,GitStractor/GitStractor/GitStractor.csproj,19,0,34,1,04/01/2023 01:12:09,NuGet Package Support,0
69971287fc10168322e398ba4cdc73c9549c7579,3a3930b198801d0a0fd22e616d1f61843b0d3046,Added,GitStractor/GitStractor/favicon.ico,0,0,1,1,04/01/2023 01:12:09,NuGet Package Support,0
9d4b7a735e4bb069a788a31fc5ed11261b41f42c,d2a08c39cbc792fc7bfe078444780b4245cfdaf6,Modified,GitStractor/GitStract/Program.cs,4,0,45,1,04/01/2023 01:51:45,"Fixed bad CSV value, added FileCommits.csv",0
9d4b7a735e4bb069a788a31fc5ed11261b41f42c,9295f70ae9d7d4391e4c13fb08a01c88be06cca2,Modified,GitStractor/GitStractor/GitExtractionOptions.cs,16,11,74,1,04/01/2023 01:51:45,"Fixed bad CSV value, added FileCommits.csv",0
9d4b7a735e4bb069a788a31fc5ed11261b41f42c,9230258b0b12e79005bd8c9a8b9370796b99c024,Modified,GitStractor/GitStractor/GitTreeInfo.cs,1,1,34,1,04/01/2023 01:51:45,"Fixed bad CSV value, added FileCommits.csv",0
9d4b7a735e4bb069a788a31fc5ed11261b41f42c,95ebb012b05a115cf9e3b95b2e344ff90e98bf2b,Modified,GitStractor/GitStractor/Model/CommitInfo.cs,4,4,104,1,04/01/2023 01:51:45,"Fixed bad CSV value, added FileCommits.csv",0
9d4b7a735e4bb069a788a31fc5ed11261b41f42c,6df75c0c1834d3799796f57c7b99dc0c8120737a,Modified,GitStractor/GitStractor/Writers/CommitCsvDataWriter.cs,18,7,56,1,04/01/2023 01:51:45,"Fixed bad CSV value, added FileCommits.csv",0
9d4b7a735e4bb069a788a31fc5ed11261b41f42c,764d8a80285165b06c297a3dfabfe6d4a99c5bfe,Added,GitStractor/GitStractor/Writers/FileCommitCsvDataWriter.cs,28,0,28,1,04/01/2023 01:51:45,"Fixed bad CSV value, added FileCommits.csv",0
9d4b7a735e4bb069a788a31fc5ed11261b41f42c,e444b791b0cd64c6e4d570576bce35f240b9af46,Modified,GitStractor/GitStractor/Writers/FileCsvDataWriter.cs,1,1,49,1,04/01/2023 01:51:45,"Fixed bad CSV value, added FileCommits.csv",0
5683448b251574699565608082aeb4f6cd4b4af0,a12934b4d920fe3ced74e738c311ea4799edea60,Added,Notebooks/README.md,3,0,3,1,04/01/2023 02:03:55,Early data visualization,0
5683448b251574699565608082aeb4f6cd4b4af0,26d766480a28342f9c907d08196c8e9b390d9b3e,Added,Notebooks/jupyterviz.ipynb,696,0,696,1,04/01/2023 02:03:55,Early data visualization,0
4c7fd6e6ddb1eb5df6a8a50810a1fc5942e42d75,29b72d6446237c60cb473b37aada7e53b11a1f21,Modified,GitStractor/GitStract/Program.cs,1,1,45,1,04/01/2023 03:48:26,Doing a decent bit of data visualization with what I have presently,0
4c7fd6e6ddb1eb5df6a8a50810a1fc5942e42d75,eded8d07431f19d1d043ef54a536e1d23369b09e,Modified,GitStractor/GitStractor/GitDataExtractor.cs,9,7,264,1,04/01/2023 03:48:26,Doing a decent bit of data visualization with what I have presently,0
4c7fd6e6ddb1eb5df6a8a50810a1fc5942e42d75,06de166ce8dc9bdb2d31e63355cb4fbf3d16961f,Modified,GitStractor/GitStractor/GitExtractionOptions.cs,16,0,90,1,04/01/2023 03:48:26,Doing a decent bit of data visualization with what I have presently,0
4c7fd6e6ddb1eb5df6a8a50810a1fc5942e42d75,090b94452909559e92c8a05049339b68cd419d22,Modified,GitStractor/GitStractor/Writers/CommitCsvDataWriter.cs,1,1,56,1,04/01/2023 03:48:26,Doing a decent bit of data visualization with what I have presently,0
4c7fd6e6ddb1eb5df6a8a50810a1fc5942e42d75,d9944b1eb80a6b5abc9d631f037e520dcfcb80de,Modified,Notebooks/jupyterviz.ipynb,32804,113,33387,1,04/01/2023 03:48:26,Doing a decent bit of data visualization with what I have presently,0
4c7fd6e6ddb1eb5df6a8a50810a1fc5942e42d75,0c2a0084a9130cfeeb66f2e4a0444619f417d94e,Modified,PythonPrototype/Scripts/FileAnalyzer.py,1,0,190,1,04/01/2023 03:48:26,Doing a decent bit of data visualization with what I have presently,0
910706c32e6e39a2a0c969bdef632b16d092a2b4,72a0d3a98546668f1323955462fed7cab6a0d7c9,Added,Notebooks/GitStractor.ipynb,48353,0,48353,1,04/01/2023 04:12:25,Renamed notebook,0
910706c32e6e39a2a0c969bdef632b16d092a2b4,0000000000000000000000000000000000000000,Deleted,Notebooks/jupyterviz.ipynb,0,33387,0,1,04/01/2023 04:12:25,Renamed notebook,0
04880090d15cf8902f8093403bbf824c94938d23,a3e1efc79643d5922e33185aa514e90e4ef450ad,Modified,README.md,37,7,53,1,04/01/2023 04:12:42,Revised readme since the project is now technically usable.,0
14ffc98d3cdeea685a6457a789d80cde8980dfa0,c596e4c1a9b7b7754f91ec0c3d8f887007a05b9d,Modified,Notebooks/GitStractor.ipynb,18198,6594,59957,1,04/01/2023 17:04:11,Aggregate and author data improvements in Jupyter Notebook,0
da2886f9162a93330a39840dad305ba7c735a530,6ec62767edb5795422b226bc093c3903edf307e5,Modified,GitStractor/GitStractor/GitDataExtractor.cs,54,27,291,1,04/01/2023 18:46:01,"Issue #4, Issue #2, Issue #3: Tracking aggregate data per commit / file",3
da2886f9162a93330a39840dad305ba7c735a530,7dd834d737f070f65a20956c00276b3905b42169,Modified,GitStractor/GitStractor/GitExtractionOptions.cs,1,2,89,1,04/01/2023 18:46:01,"Issue #4, Issue #2, Issue #3: Tracking aggregate data per commit / file",3
da2886f9162a93330a39840dad305ba7c735a530,0d358cedada9c986c31eac32b4dfb7572b41d4ae,Modified,GitStractor/GitStractor/Model/CommitInfo.cs,3,0,107,1,04/01/2023 18:46:01,"Issue #4, Issue #2, Issue #3: Tracking aggregate data per commit / file",3
da2886f9162a93330a39840dad305ba7c735a530,e24033d5a3cac881df2184107304812200d02e20,Modified,GitStractor/GitStractor/Model/RepositoryFileInfo.cs,17,0,82,1,04/01/2023 18:46:01,"Issue #4, Issue #2, Issue #3: Tracking aggregate data per commit / file",3
da2886f9162a93330a39840dad305ba7c735a530,8f687afa2f1858929618cb740fffa12d9107b21e,Modified,GitStractor/GitStractor/Writers/CommitCsvDataWriter.cs,3,3,56,1,04/01/2023 18:46:01,"Issue #4, Issue #2, Issue #3: Tracking aggregate data per commit / file",3
da2886f9162a93330a39840dad305ba7c735a530,248725cbbec3df9159a7ab23e70ccd78c531ef17,Modified,GitStractor/GitStractor/Writers/FileCommitCsvDataWriter.cs,2,2,28,1,04/01/2023 18:46:01,"Issue #4, Issue #2, Issue #3: Tracking aggregate data per commit / file",3
da2886f9162a93330a39840dad305ba7c735a530,f1c3b1cb1c1bd7917d0acc537a5ce3f00ef5916a,Added,Images/AccessibleAIBlogPostsByMonth.png,0,0,172,1,04/01/2023 18:46:01,"Issue #4, Issue #2, Issue #3: Tracking aggregate data per commit / file",3
da2886f9162a93330a39840dad305ba7c735a530,286f237471c78af6b3ffd63e235e5b3915c45819,Added,Images/GitStractorFileCommits_April_1_2023.png,0,0,792,1,04/01/2023 18:46:01,"Issue #4, Issue #2, Issue #3: Tracking aggregate data per commit / file",3
da2886f9162a93330a39840dad305ba7c735a530,d9adeb9a27d372da664a2ba1c881ffb6ca13f1b0,Added,Images/GitStractorFilesPerCommit_April_1_2023.png,0,0,175,1,04/01/2023 18:46:01,"Issue #4, Issue #2, Issue #3: Tracking aggregate data per commit / file",3
da2886f9162a93330a39840dad305ba7c735a530,45b5c5dc797bc73aa3d79ffb4d3794bded6a8a5a,Modified,Notebooks/GitStractor.ipynb,45767,12957,92767,1,04/01/2023 18:46:01,"Issue #4, Issue #2, Issue #3: Tracking aggregate data per commit / file",3
da2886f9162a93330a39840dad305ba7c735a530,486fea556e67b60bcaade421b0b3b19ca25e383a,Modified,README.md,11,0,64,1,04/01/2023 18:46:01,"Issue #4, Issue #2, Issue #3: Tracking aggregate data per commit / file",3
681c30b292b237a1eb0261763eb6b8d6f65ba611,852106bf70a669f7941fc4647dd8d61423a95890,Modified,GitStractor/GitStractor/GitStractor.csproj,1,1,34,1,04/01/2023 18:50:47,v0.1.1 Release,0
681c30b292b237a1eb0261763eb6b8d6f65ba611,89464d0b43bcbbabf6011531e12d61f2a0c6df68,Modified,GitStractor/GitStractor/Writers/FileCommitCsvDataWriter.cs,1,1,28,1,04/01/2023 18:50:47,v0.1.1 Release,0
681c30b292b237a1eb0261763eb6b8d6f65ba611,c0a1ad10fd872cf76472631c807e1ae3389936b7,Modified,README.md,3,3,64,1,04/01/2023 18:50:47,v0.1.1 Release,0
9e6f2be9e063c011e7ec48974b328cf989983445,6e9660b03fef79ddbd8db16f4a9d9103d86ac0c0,Modified,Notebooks/GitStractor.ipynb,63,63,92767,1,04/01/2023 18:54:34,Fixed CommiterDate column in Notebook,0
6b952eeaa22b25c245654ff9bced33b6bf599dc3,0007312c801b961ca1b22a3d060bd790a73f6944,Modified,README.md,2,0,66,1,04/01/2023 18:58:32,Added link to notebook,0
91bb44f6fdf311f3d2b1d414e64d4825e848811d,22d39c28182cdcb78e7d47ed24c535a3b629f40e,Added,PowerBI/GitStractor.pbix,0,0,1318,1,04/01/2023 21:22:34,Beginning inclusion of PowerBI Prototype,0
8b39fc12b6ee1e7f244d225751d7d74c1d95257b,5403eca291a2b281afea7fcdb20e8d16e7d937b1,Modified,PowerBI/GitStractor.pbix,0,0,1341,1,04/01/2023 21:35:15,Data is now displayed in BI,0
aa642aeeede022946f1e9bdc86e01e9ac4cd66d8,e66135fdc99d88ff1e7e8b9ae4de5106f8e00cd3,Modified,PowerBI/GitStractor.pbix,0,0,1342,1,04/01/2023 23:43:17,Cleaned up visuals,0
0c1830f7b49efa859e132dc3ab8bd32443e7c097,44228744ba689ca0c448a3f2f9972ae68ef1908f,Added,Images/PowerBICommits.png,0,0,1580,1,04/02/2023 00:41:09,Added Power BI instructions and template,0
0c1830f7b49efa859e132dc3ab8bd32443e7c097,e4ee3d2ad970edb1eac6f98da394433027b7cf4e,Added,Images/PowerBIParameter.png,0,0,206,1,04/02/2023 00:41:09,Added Power BI instructions and template,0
0c1830f7b49efa859e132dc3ab8bd32443e7c097,7e5e3796b917aa7315ef9aae39cec73de5ee8385,Added,PowerBI/GitStractor.pbit,0,0,165,1,04/02/2023 00:41:09,Added Power BI instructions and template,0
0c1830f7b49efa859e132dc3ab8bd32443e7c097,9d552a29512b4f3813b781f284a39f740f00ec81,Modified,PowerBI/GitStractor.pbix,0,0,1606,1,04/02/2023 00:41:09,Added Power BI instructions and template,0
0c1830f7b49efa859e132dc3ab8bd32443e7c097,adaf840053589906370ecad705f90bb4113c735c,Modified,README.md,24,4,86,1,04/02/2023 00:41:09,Added Power BI instructions and template,0
1775a4d6b7782d09f879961dfaa6d7b0f3ca24fe,5698c4231348d937ed3c52ec494b6c0e6f2a56ba,Modified,Notebooks/GitStractor.ipynb,26182,72520,46429,1,04/03/2023 01:46:31,Issue #5: Better modal author display,1
7ed462ff2489ed11144270127b55a936627099bf,3729ff0cd1acce411e814ec416b82ac0f239a4e0,Added,GitStractor/.dockerignore,25,0,25,1,10/18/2023 01:41:20,Merge branch 'GitstractorDesktop' into main,0
7ed462ff2489ed11144270127b55a936627099bf,9893bddfb92e832fde3ad03e7961d9ea3d191350,Added,GitStractor/.editorconfig,4,0,4,1,10/18/2023 01:41:20,Merge branch 'GitstractorDesktop' into main,0
7ed462ff2489ed11144270127b55a936627099bf,f0ab5193395d22122f42cf9b07c60dd03aea1037,Modified,GitStractor/GitStract/GitStract.csproj,8,0,27,1,10/18/2023 01:41:20,Merge branch 'GitstractorDesktop' into main,0
7ed462ff2489ed11144270127b55a936627099bf,fffe11b25f85835d52bcef8d222224b8d790912d,Modified,GitStractor/GitStract/Program.cs,18,17,46,1,10/18/2023 01:41:20,Merge branch 'GitstractorDesktop' into main,0
7ed462ff2489ed11144270127b55a936627099bf,523531eea8717334fe5b1f5bf355e3d59cca57f2,Added,GitStractor/GitStractor-Acquisition/Dockerfile,24,0,24,1,10/18/2023 01:41:20,Merge branch 'GitstractorDesktop' into main,0
7ed462ff2489ed11144270127b55a936627099bf,e7faa5e1012ca3769b5782f3753ef4f90ac8aa50,Added,GitStractor/GitStractor-Acquisition/GitStractor-Acquire.csproj,37,0,37,1,10/18/2023 01:41:20,Merge branch 'GitstractorDesktop' into main,0
7ed462ff2489ed11144270127b55a936627099bf,f5ac279701a7b169e26aa82bb40076eaa5e1ee16,Added,GitStractor/GitStractor-Acquisition/GitStractorAcquire.cs,36,0,36,1,10/18/2023 01:41:20,Merge branch 'GitstractorDesktop' into main,0
7ed462ff2489ed11144270127b55a936627099bf,ce486febb2bb50da736683be93dca9a3b0730c01,Added,GitStractor/GitStractor-Acquisition/Program.cs,9,0,9,1,10/18/2023 01:41:20,Merge branch 'GitstractorDesktop' into main,0
7ed462ff2489ed11144270127b55a936627099bf,5fd874616e48ecc432c9d564c1bff661d851a681,Added,GitStractor/GitStractor-Acquisition/Properties/launchSettings.json,29,0,29,1,10/18/2023 01:41:20,Merge branch 'GitstractorDesktop' into main,0
7ed462ff2489ed11144270127b55a936627099bf,1641410769eb23e5c52b852b990dbf1b4fc57cf7,Added,GitStractor/GitStractor-Acquisition/appsettings.Development.json,8,0,8,1,10/18/2023 01:41:20,Merge branch 'GitstractorDesktop' into main,0
7ed462ff2489ed11144270127b55a936627099bf,df5a95da71ed816032a422d66c0ed4a22cee7b58,Added,GitStractor/GitStractor-Acquisition/appsettings.json,21,0,21,1,10/18/2023 01:41:20,Merge branch 'GitstractorDesktop' into main,0
7ed462ff2489ed11144270127b55a936627099bf,b2004904d51842fa5d721e94c156fa8cd6e9ef3a,Added,GitStractor/GitStractor-Extract/Files.csv,2,0,2,1,10/18/2023 01:41:20,Merge branch 'GitstractorDesktop' into main,0
7ed462ff2489ed11144270127b55a936627099bf,5ee5147d306d1927fbde485a80f4ce8fb21c3bba,Added,GitStractor/GitStractor-Extract/GitStractor-Extract.csproj,39,0,39,1,10/18/2023 01:41:20,Merge branch 'GitstractorDesktop' into main,0
7ed462ff2489ed11144270127b55a936627099bf,94a48d37e6873e5cfd188e71cfabd2ea65b78677,Added,GitStractor/GitStractor-Extract/GitStractorExtract.cs,54,0,54,1,10/18/2023 01:41:20,Merge branch 'GitstractorDesktop' into main,0
7ed462ff2489ed11144270127b55a936627099bf,80caa6eb650d402e06d617d467180440d9d03530,Added,GitStractor/GitStractor-Extract/Program.cs,9,0,9,1,10/18/2023 01:41:20,Merge branch 'GitstractorDesktop' into main,0
7ed462ff2489ed11144270127b55a936627099bf,3f2beb9937024fa1eeffd15fe64b3af5515009f7,Added,GitStractor/GitStractor-Extract/Properties/launchSettings.json,13,0,13,1,10/18/2023 01:41:20,Merge branch 'GitstractorDesktop' into main,0
7ed462ff2489ed11144270127b55a936627099bf,d7469f287c2ba3a101640654b78727cbbb27e0a7,Added,GitStractor/GitStractor-Extract/appsettings.Development.json,8,0,8,1,10/18/2023 01:41:20,Merge branch 'GitstractorDesktop' into main,0
7ed462ff2489ed11144270127b55a936627099bf,f6055795db635fb6ffcc8711abca2c813542c2f0,Added,GitStractor/GitStractor-Extract/appsettings.json,21,0,21,1,10/18/2023 01:41:20,Merge branch 'GitstractorDesktop' into main,0
7ed462ff2489ed11144270127b55a936627099bf,42af64121216f1829f40377ba6638a89f9995cc6,Added,GitStractor/GitStractor.Desktop/App.xaml,42,0,42,1,10/18/2023 01:41:20,Merge branch 'GitstractorDesktop' into main,0
7ed462ff2489ed11144270127b55a936627099bf,b71e57447a535ead63b83e606d78a0a9d02b1548,Added,GitStractor/GitStractor.Desktop/App.xaml.cs,26,0,26,1,10/18/2023 01:41:20,Merge branch 'GitstractorDesktop' into main,0
7ed462ff2489ed11144270127b55a936627099bf,bc18994e10f0f6531dc2c85d0ad735c242535e8b,Added,GitStractor/GitStractor.Desktop/Commands/AnalyzeCommand.cs,78,0,78,1,10/18/2023 01:41:20,Merge branch 'GitstractorDesktop' into main,0
7ed462ff2489ed11144270127b55a936627099bf,ad3422ca91ee9c8a52063c85c12df171aebec5d1,Renamed,GitStractor/GitStractor.Desktop/Commands/AnalyzeFilesCommand.cs,20,11,37,1,10/18/2023 01:41:20,Merge branch 'GitstractorDesktop' into main,0
7ed462ff2489ed11144270127b55a936627099bf,ab4e0912ccb5fa68ce23f071408a73ca6c42ceac,Added,GitStractor/GitStractor.Desktop/Commands/CommandBase.cs,18,0,18,1,10/18/2023 01:41:20,Merge branch 'GitstractorDesktop' into main,0
7ed462ff2489ed11144270127b55a936627099bf,6364ac873e627d4f8c800cf7e8c7916a948b85c6,Added,GitStractor/GitStractor.Desktop/Commands/ExitCommand.cs,18,0,18,1,10/18/2023 01:41:20,Merge branch 'GitstractorDesktop' into main,0
7ed462ff2489ed11144270127b55a936627099bf,495b9e3256ceee2a2bbce441e0ebf9588787752d,Added,GitStractor/GitStractor.Desktop/Commands/NotImplementedCommand.cs,21,0,21,1,10/18/2023 01:41:20,Merge branch 'GitstractorDesktop' into main,0
7ed462ff2489ed11144270127b55a936627099bf,17647986ffa5b89f3ddeb8ef2e0df6a1718ae006,Added,GitStractor/GitStractor.Desktop/Commands/ShowAboutInfoCommand.cs,29,0,29,1,10/18/2023 01:41:20,Merge branch 'GitstractorDesktop' into main,0
7ed462ff2489ed11144270127b55a936627099bf,f57ad22f3c1eb4b750aa4ad9997769a19514af9b,Renamed,GitStractor/GitStractor.Desktop/Commands/ShowAnalyzeCommand.cs,11,8,24,1,10/18/2023 01:41:20,Merge branch 'GitstractorDesktop' into main,0
7ed462ff2489ed11144270127b55a936627099bf,188f82420acaba56d0db695fcfe5d25f7009e57f,Added,GitStractor/GitStractor.Desktop/Commands/ShowWelcomeCommand.cs,24,0,24,1,10/18/2023 01:41:20,Merge branch 'GitstractorDesktop' into main,0
7ed462ff2489ed11144270127b55a936627099bf,91e0025146f1f1f757c22d5f0c542f14571babe9,Added,GitStractor/GitStractor.Desktop/Controls/AuthorsOverTimeChart.xaml,39,0,39,1,10/18/2023 01:41:20,Merge branch 'GitstractorDesktop' into main,0
7ed462ff2489ed11144270127b55a936627099bf,2ea0c9cb08fbaadbf38f00504b96ce1148b129c1,Added,GitStractor/GitStractor.Desktop/Controls/AuthorsOverTimeChart.xaml.cs,28,0,28,1,10/18/2023 01:41:20,Merge branch 'GitstractorDesktop' into main,0
7ed462ff2489ed11144270127b55a936627099bf,738c4b53ad8b2cae210aa895d33d0c6556a90052,Added,GitStractor/GitStractor.Desktop/Controls/FileCommitsTreeMap.xaml,64,0,64,1,10/18/2023 01:41:20,Merge branch 'GitstractorDesktop' into main,0
7ed462ff2489ed11144270127b55a936627099bf,fbeee1d266e322bd32a297e48c1393023edab4ba,Added,GitStractor/GitStractor.Desktop/Controls/FileCommitsTreeMap.xaml.cs,28,0,28,1,10/18/2023 01:41:20,Merge branch 'GitstractorDesktop' into main,0
7ed462ff2489ed11144270127b55a936627099bf,4210211800ad628a0c6436c9085684adda996317,Added,GitStractor/GitStractor.Desktop/Controls/FilesPerCommitChart.xaml,39,0,39,1,10/18/2023 01:41:20,Merge branch 'GitstractorDesktop' into main,0
7ed462ff2489ed11144270127b55a936627099bf,215761d6f5f3443051cb91c2ed86201ab8088a7c,Added,GitStractor/GitStractor.Desktop/Controls/FilesPerCommitChart.xaml.cs,28,0,28,1,10/18/2023 01:41:20,Merge branch 'GitstractorDesktop' into main,0
7ed462ff2489ed11144270127b55a936627099bf,6cd21535c4f1137c07a930a8aeea91433cfe1aed,Added,GitStractor/GitStractor.Desktop/Converters/BoolToVisibilityConverter.cs,34,0,34,1,10/18/2023 01:41:20,Merge branch 'GitstractorDesktop' into main,0
7ed462ff2489ed11144270127b55a936627099bf,e85cedb6e132e0d6de5cb8247ec46213e9f9dc26,Added,GitStractor/GitStractor.Desktop/GitStractor.Desktop.csproj,106,0,106,1,10/18/2023 01:41:20,Merge branch 'GitstractorDesktop' into main,0
7ed462ff2489ed11144270127b55a936627099bf,66376ff84c690d6388f0e3af697bcb927b879445,Added,GitStractor/GitStractor.Desktop/Gitstractor.png,0,0,641,1,10/18/2023 01:41:20,Merge branch 'GitstractorDesktop' into main,0
7ed462ff2489ed11144270127b55a936627099bf,ecc3622bbaf85cd6223cf7795a2b431e3bdbaf97,Added,GitStractor/GitStractor.Desktop/MainWindow.xaml,51,0,51,1,10/18/2023 01:41:20,Merge branch 'GitstractorDesktop' into main,0
7ed462ff2489ed11144270127b55a936627099bf,9cfa42a704f7249f70ae64dbd9d38a6fb5a01f0f,Added,GitStractor/GitStractor.Desktop/MainWindow.xaml.cs,29,0,29,1,10/18/2023 01:41:20,Merge branch 'GitstractorDesktop' into main,0
7ed462ff2489ed11144270127b55a936627099bf,1155c07b14f1d278cf766d4e281010bcc8d570f5,Added,GitStractor/GitStractor.Desktop/Pages/AnalysisResultsPage.xaml,28,0,28,1,10/18/2023 01:41:20,Merge branch 'GitstractorDesktop' into main,0
7ed462ff2489ed11144270127b55a936627099bf,c49e6e0f1743990f19655dc0d180ee9308fc8d49,Added,GitStractor/GitStractor.Desktop/Pages/AnalysisResultsPage.xaml.cs,30,0,30,1,10/18/2023 01:41:20,Merge branch 'GitstractorDesktop' into main,0
7ed462ff2489ed11144270127b55a936627099bf,31f09fb1246edc14dfcf39fb2f5bb3f310496f2a,Added,GitStractor/GitStractor.Desktop/Pages/AnalyzeRepositoryPage.xaml,37,0,37,1,10/18/2023 01:41:20,Merge branch 'GitstractorDesktop' into main,0
7ed462ff2489ed11144270127b55a936627099bf,ca7012adb3b23d2f23bac8a20f48d7ac6e5191d2,Added,GitStractor/GitStractor.Desktop/Pages/AnalyzeRepositoryPage.xaml.cs,27,0,27,1,10/18/2023 01:41:20,Merge branch 'GitstractorDesktop' into main,0
7ed462ff2489ed11144270127b55a936627099bf,e31e5ad3ba8f427dc59a4959f84aa50c2e98c908,Added,GitStractor/GitStractor.Desktop/Pages/WelcomePage.xaml,30,0,30,1,10/18/2023 01:41:20,Merge branch 'GitstractorDesktop' into main,0
7ed462ff2489ed11144270127b55a936627099bf,e8772ddeca16f47cf0ece40788c0833038dbf428,Added,GitStractor/GitStractor.Desktop/Pages/WelcomePage.xaml.cs,27,0,27,1,10/18/2023 01:41:20,Merge branch 'GitstractorDesktop' into main,0
7ed462ff2489ed11144270127b55a936627099bf,fc807528c99ce2cfaaf26b30db255c4c338a7cef,Added,GitStractor/GitStractor.Desktop/ViewModels/AnalyzeViewModel.cs,89,0,89,1,10/18/2023 01:41:20,Merge branch 'GitstractorDesktop' into main,0
7ed462ff2489ed11144270127b55a936627099bf,fa916449423465337441977659db3b9cdcd83633,Added,GitStractor/GitStractor.Desktop/ViewModels/AppViewModel.cs,136,0,136,1,10/18/2023 01:41:20,Merge branch 'GitstractorDesktop' into main,0
7ed462ff2489ed11144270127b55a936627099bf,37775738210d88d16fa3358f9cf464e3f41f479d,Added,GitStractor/GitStractor.Desktop/ViewModels/GradientColorizer.cs,23,0,23,1,10/18/2023 01:41:20,Merge branch 'GitstractorDesktop' into main,0
7ed462ff2489ed11144270127b55a936627099bf,f59461833c8dee2f41c76fb14e15cb8c9ecfe8af,Added,GitStractor/GitStractor.Desktop/ViewModels/ITreeMapNode.cs,13,0,13,1,10/18/2023 01:41:20,Merge branch 'GitstractorDesktop' into main,0
7ed462ff2489ed11144270127b55a936627099bf,b752db31696a3bbb9e9684129bfad5915a561d18,Added,GitStractor/GitStractor.Desktop/ViewModels/ParentTreeMapNode.cs,32,0,32,1,10/18/2023 01:41:20,Merge branch 'GitstractorDesktop' into main,0
7ed462ff2489ed11144270127b55a936627099bf,d0b1567425c2a145f38271488f6cd3db4ecc5ca9,Added,GitStractor/GitStractor.Desktop/ViewModels/ReportViewModel.cs,166,0,166,1,10/18/2023 01:41:20,Merge branch 'GitstractorDesktop' into main,0
7ed462ff2489ed11144270127b55a936627099bf,e3126e7e47ec6027c57e1ba8c2651364b0181e04,Added,GitStractor/GitStractor.Desktop/ViewModels/TreeMapNode.cs,28,0,28,1,10/18/2023 01:41:20,Merge branch 'GitstractorDesktop' into main,0
7ed462ff2489ed11144270127b55a936627099bf,3a3930b198801d0a0fd22e616d1f61843b0d3046,Added,GitStractor/GitStractor.Desktop/favicon.ico,0,0,1,1,10/18/2023 01:41:20,Merge branch 'GitstractorDesktop' into main,0
7ed462ff2489ed11144270127b55a936627099bf,dabcba426930d6f3abe7f351420e1bf8f77ad484,Modified,GitStractor/GitStractor.Tests/GitStractor.Tests.csproj,6,5,31,1,10/18/2023 01:41:20,Merge branch 'GitstractorDesktop' into main,0
7ed462ff2489ed11144270127b55a936627099bf,0000000000000000000000000000000000000000,Deleted,GitStractor/GitStractor.Tests/GitStractorAnalyzerTests.cs,0,128,0,1,10/18/2023 01:41:20,Merge branch 'GitstractorDesktop' into main,0
7ed462ff2489ed11144270127b55a936627099bf,0000000000000000000000000000000000000000,Deleted,GitStractor/GitStractor.Tests/GitStractorAuthorTests.cs,0,30,0,1,10/18/2023 01:41:20,Merge branch 'GitstractorDesktop' into main,0
7ed462ff2489ed11144270127b55a936627099bf,f6b04f3c5d9aab14d551138468ca9432cfff9ae9,Added,GitStractor/GitStractor.Workers/GitStractor.Workers.csproj,21,0,21,1,10/18/2023 01:41:20,Merge branch 'GitstractorDesktop' into main,0
7ed462ff2489ed11144270127b55a936627099bf,d32b56c4c049786bffe733a672383e299edc0134,Added,GitStractor/GitStractor.Workers/GitStractorAcquireOptions.cs,16,0,16,1,10/18/2023 01:41:20,Merge branch 'GitstractorDesktop' into main,0
7ed462ff2489ed11144270127b55a936627099bf,8c782e159900e76cf272c305264176be5d0de1e7,Added,GitStractor/GitStractor.Workers/GitStractorAcquireWorker.cs,65,0,65,1,10/18/2023 01:41:20,Merge branch 'GitstractorDesktop' into main,0
7ed462ff2489ed11144270127b55a936627099bf,f85f37dcc57a96cced0b33035866180ae0234a88,Added,GitStractor/GitStractor.Workers/GitStractorExtractOptions.cs,19,0,19,1,10/18/2023 01:41:20,Merge branch 'GitstractorDesktop' into main,0
7ed462ff2489ed11144270127b55a936627099bf,5563cc3912dea1a8677ffbda411b42d6dbb2311b,Added,GitStractor/GitStractor.Workers/GitStractorExtractWorker.cs,74,0,74,1,10/18/2023 01:41:20,Merge branch 'GitstractorDesktop' into main,0
7ed462ff2489ed11144270127b55a936627099bf,030ed8b6af584d027c0442b89230046bf3a86359,Added,GitStractor/GitStractor.Workers/GitStractorHost.cs,154,0,154,1,10/18/2023 01:41:20,Merge branch 'GitstractorDesktop' into main,0
7ed462ff2489ed11144270127b55a936627099bf,894ab4a6e4a41cff26384e855450858094b653b8,Added,GitStractor/GitStractor.Workers/GitStractorHostOptions.cs,6,0,6,1,10/18/2023 01:41:20,Merge branch 'GitstractorDesktop' into main,0
7ed462ff2489ed11144270127b55a936627099bf,86eca9769e8224380054503a7d9baed8317e9917,Added,GitStractor/GitStractor.Workers/GitStractorProgram.cs,75,0,75,1,10/18/2023 01:41:20,Merge branch 'GitstractorDesktop' into main,0
7ed462ff2489ed11144270127b55a936627099bf,0c4e292bdd7ba88fe746096e82c0353dc5c1bfea,Added,GitStractor/GitStractor.Workers/GitStractorWorkerBase.cs,64,0,64,1,10/18/2023 01:41:20,Merge branch 'GitstractorDesktop' into main,0
7ed462ff2489ed11144270127b55a936627099bf,78ecd90fbd33e7d9f584a5b1110ee5400e71e827,Added,GitStractor/GitStractor.Workers/ICanStopEarly.cs,9,0,9,1,10/18/2023 01:41:20,Merge branch 'GitstractorDesktop' into main,0
7ed462ff2489ed11144270127b55a936627099bf,6833bc9250ee2fa985862cb7ad8bc0219ed1c803,Modified,GitStractor/GitStractor.ndproj,4,6,549,1,10/18/2023 01:41:20,Merge branch 'GitstractorDesktop' into main,0
7ed462ff2489ed11144270127b55a936627099bf,72be970703d3009602be6db534d2c766637a2e35,Modified,GitStractor/GitStractor.sln,25,6,62,1,10/18/2023 01:41:20,Merge branch 'GitstractorDesktop' into main,0
7ed462ff2489ed11144270127b55a936627099bf,d394739b2dadee546fbc19debfb21b16d510d3c4,Modified,GitStractor/GitStractor.sln.DotSettings,1,0,5,1,10/18/2023 01:41:20,Merge branch 'GitstractorDesktop' into main,0
7ed462ff2489ed11144270127b55a936627099bf,8065e3b2ca39ef94faaec0ddf2603595cfec9b58,Added,GitStractor/GitStractor/AuthorMap.cs,9,0,9,1,10/18/2023 01:41:20,Merge branch 'GitstractorDesktop' into main,0
7ed462ff2489ed11144270127b55a936627099bf,2122b69d037b8a5e624c23aa69f7234e011dd5c1,Added,GitStractor/GitStractor/Cloning/CloneException.cs,11,0,11,1,10/18/2023 01:41:20,Merge branch 'GitstractorDesktop' into main,0
7ed462ff2489ed11144270127b55a936627099bf,91a8ef2bc076e4addf8dda493ed590f2c7b84dcf,Added,GitStractor/GitStractor/Cloning/RepositoryCloner.cs,112,0,112,1,10/18/2023 01:41:20,Merge branch 'GitstractorDesktop' into main,0
7ed462ff2489ed11144270127b55a936627099bf,46afb48503cfd8d20aebbcbe621e2d6d3eb6f3c2,Modified,GitStractor/GitStractor/GitDataExtractor.cs,136,214,213,1,10/18/2023 01:41:20,Merge branch 'GitstractorDesktop' into main,0
7ed462ff2489ed11144270127b55a936627099bf,0000000000000000000000000000000000000000,Deleted,GitStractor/GitStractor/GitExtractionOptions.cs,0,89,0,1,10/18/2023 01:41:20,Merge branch 'GitstractorDesktop' into main,0
7ed462ff2489ed11144270127b55a936627099bf,6d55374991a6da5a5967ad6181d39d8475d3e4ff,Added,GitStractor/GitStractor/GitObservers/AuthorDailyCommitObserver.cs,65,0,65,1,10/18/2023 01:41:20,Merge branch 'GitstractorDesktop' into main,0
7ed462ff2489ed11144270127b55a936627099bf,bb40ed328fd037c602c7ed2bdcf4a5afa9b291fa,Added,GitStractor/GitStractor/GitObservers/AuthorMonthlyCommitObserver.cs,74,0,74,1,10/18/2023 01:41:20,Merge branch 'GitstractorDesktop' into main,0
7ed462ff2489ed11144270127b55a936627099bf,55f7f8d4d75a87ada0b8ee690e9245d973f173d6,Added,GitStractor/GitStractor/GitObservers/AuthorQuarterlyCommitObserver.cs,74,0,74,1,10/18/2023 01:41:20,Merge branch 'GitstractorDesktop' into main,0
7ed462ff2489ed11144270127b55a936627099bf,1b3302d808f92ed399a8625cc72300f48acdbaa7,Added,GitStractor/GitStractor/GitObservers/AuthorWeeklyCommitObserver.cs,74,0,74,1,10/18/2023 01:41:20,Merge branch 'GitstractorDesktop' into main,0
7ed462ff2489ed11144270127b55a936627099bf,428b4efa537b8b3f1e5232065bd8413fa19b7777,Added,GitStractor/GitStractor/GitObservers/AuthorYearlyCommitObserver.cs,65,0,65,1,10/18/2023 01:41:20,Merge branch 'GitstractorDesktop' into main,0
7ed462ff2489ed11144270127b55a936627099bf,c3d78b75d7fd59f828fc2c4cecdded9a36b30f23,Added,GitStractor/GitStractor/GitObservers/CommitWorkItemObserver.cs,28,0,28,1,10/18/2023 01:41:20,Merge branch 'GitstractorDesktop' into main,0
7ed462ff2489ed11144270127b55a936627099bf,82c901018cccd9b4ce4d2399fe4695d9d76ac561,Added,GitStractor/GitStractor/GitObservers/DenormalizedFileCommitObserver.cs,51,0,51,1,10/18/2023 01:41:20,Merge branch 'GitstractorDesktop' into main,0
7ed462ff2489ed11144270127b55a936627099bf,4fc9b3ee274a806b34d341637ae7c6092415a4f1,Added,GitStractor/GitStractor/GitObservers/FileObserver.cs,44,0,44,1,10/18/2023 01:41:20,Merge branch 'GitstractorDesktop' into main,0
7ed462ff2489ed11144270127b55a936627099bf,d97d6cb57d67eb2a0b3a9829224fdcd0c92f0c86,Added,GitStractor/GitStractor/GitObservers/FileWriterObserverBase.cs,59,0,59,1,10/18/2023 01:41:20,Merge branch 'GitstractorDesktop' into main,0
7ed462ff2489ed11144270127b55a936627099bf,6bbaff6a6fbed148e2b64d3bdafda4c29922df6d,Added,GitStractor/GitStractor/GitObservers/GitCommitObserver.cs,58,0,58,1,10/18/2023 01:41:20,Merge branch 'GitstractorDesktop' into main,0
7ed462ff2489ed11144270127b55a936627099bf,2995b1e4080fad63a4eb077ad63c31ec22ce8450,Added,GitStractor/GitStractor/GitObservers/IGitObserver.cs,14,0,14,1,10/18/2023 01:41:20,Merge branch 'GitstractorDesktop' into main,0
7ed462ff2489ed11144270127b55a936627099bf,d26c8ea04425bfeb858c306a16477c1585a7091c,Added,GitStractor/GitStractor/GitObservers/LoggingGitObserver.cs,51,0,51,1,10/18/2023 01:41:20,Merge branch 'GitstractorDesktop' into main,0
7ed462ff2489ed11144270127b55a936627099bf,55885a1175d1e809f52419eadec216634bf75d31,Added,GitStractor/GitStractor/GitObservers/StreamingAuthorObserver.cs,32,0,32,1,10/18/2023 01:41:20,Merge branch 'GitstractorDesktop' into main,0
7ed462ff2489ed11144270127b55a936627099bf,5e9620821bf24897a647057128397e0aa01c3bd7,Added,GitStractor/GitStractor/GitObservers/SummaryAuthorObserver.cs,56,0,56,1,10/18/2023 01:41:20,Merge branch 'GitstractorDesktop' into main,0
7ed462ff2489ed11144270127b55a936627099bf,9e75fb704e05f6c9d25f30839430bdadaaf27423,Modified,GitStractor/GitStractor/GitStractor.csproj,5,1,38,1,10/18/2023 01:41:20,Merge branch 'GitstractorDesktop' into main,0
7ed462ff2489ed11144270127b55a936627099bf,0000000000000000000000000000000000000000,Deleted,GitStractor/GitStractor/GitTreeInfo.cs,0,34,0,1,10/18/2023 01:41:20,Merge branch 'GitstractorDesktop' into main,0
7ed462ff2489ed11144270127b55a936627099bf,8078600003e47b35dc08205b364a31b0e919ca65,Added,GitStractor/GitStractor/GitTreeWalker.cs,169,0,169,1,10/18/2023 01:41:20,Merge branch 'GitstractorDesktop' into main,0
7ed462ff2489ed11144270127b55a936627099bf,12a234ecae0a450bde758eefdfbd71648dc2e496,Added,GitStractor/GitStractor/IProgressListener.cs,8,0,8,1,10/18/2023 01:41:20,Merge branch 'GitstractorDesktop' into main,0
7ed462ff2489ed11144270127b55a936627099bf,cfbbd639cede65153f817fd104830cdf9ba3d449,Modified,GitStractor/GitStractor/Model/AuthorInfo.cs,7,2,25,1,10/18/2023 01:41:20,Merge branch 'GitstractorDesktop' into main,0
7ed462ff2489ed11144270127b55a936627099bf,828eab6f3cd4341dac4cda564f27cd7fb955fd69,Modified,GitStractor/GitStractor/Model/CommitInfo.cs,44,29,122,1,10/18/2023 01:41:20,Merge branch 'GitstractorDesktop' into main,0
7ed462ff2489ed11144270127b55a936627099bf,3c4bd6f8afb7ae70a2c356b9372f417974fcc4f0,Modified,GitStractor/GitStractor/Model/FileState.cs,7,0,18,1,10/18/2023 01:41:20,Merge branch 'GitstractorDesktop' into main,0
7ed462ff2489ed11144270127b55a936627099bf,f344b1ad35f02196234dcae6a1b824b9efcec2c6,Modified,GitStractor/GitStractor/Model/RepositoryFileInfo.cs,26,58,50,1,10/18/2023 01:41:20,Merge branch 'GitstractorDesktop' into main,0
7ed462ff2489ed11144270127b55a936627099bf,01b64adbbabc27c1872e1908bf439fd49b847fb3,Added,GitStractor/GitStractor/Readers/CommitData.cs,22,0,22,1,10/18/2023 01:41:20,Merge branch 'GitstractorDesktop' into main,0
7ed462ff2489ed11144270127b55a936627099bf,58ee3663f7c2ca7e6d0000db2aa72f24307c31a7,Added,GitStractor/GitStractor/Readers/CommitsCsvReader.cs,23,0,23,1,10/18/2023 01:41:20,Merge branch 'GitstractorDesktop' into main,0
7ed462ff2489ed11144270127b55a936627099bf,a58184fd924cd03887e9faf2ada529b1dc8b4a1e,Added,GitStractor/GitStractor/Readers/FileCommitData.cs,16,0,16,1,10/18/2023 01:41:20,Merge branch 'GitstractorDesktop' into main,0
7ed462ff2489ed11144270127b55a936627099bf,0dc8355b2d52e7c1eaa410f04d7cc926d13b9553,Added,GitStractor/GitStractor/Readers/FileCsvReader.cs,29,0,29,1,10/18/2023 01:41:20,Merge branch 'GitstractorDesktop' into main,0
7ed462ff2489ed11144270127b55a936627099bf,2113bbd75ebd7171f2dff65d492985e318477cd8,Added,GitStractor/GitStractor/Readers/FileData.cs,19,0,19,1,10/18/2023 01:41:20,Merge branch 'GitstractorDesktop' into main,0
7ed462ff2489ed11144270127b55a936627099bf,0000000000000000000000000000000000000000,Deleted,GitStractor/GitStractor/Writers/AuthorCompoundDataWriter.cs,0,40,0,1,10/18/2023 01:41:20,Merge branch 'GitstractorDesktop' into main,0
7ed462ff2489ed11144270127b55a936627099bf,0000000000000000000000000000000000000000,Deleted,GitStractor/GitStractor/Writers/AuthorCsvDataWriter.cs,0,44,0,1,10/18/2023 01:41:20,Merge branch 'GitstractorDesktop' into main,0
7ed462ff2489ed11144270127b55a936627099bf,0000000000000000000000000000000000000000,Deleted,GitStractor/GitStractor/Writers/AuthorDataWriter.cs,0,8,0,1,10/18/2023 01:41:20,Merge branch 'GitstractorDesktop' into main,0
7ed462ff2489ed11144270127b55a936627099bf,0000000000000000000000000000000000000000,Deleted,GitStractor/GitStractor/Writers/AuthorInMemoryDataWriter.cs,0,28,0,1,10/18/2023 01:41:20,Merge branch 'GitstractorDesktop' into main,0
7ed462ff2489ed11144270127b55a936627099bf,0000000000000000000000000000000000000000,Deleted,GitStractor/GitStractor/Writers/CommitCompoundDataWriter.cs,0,40,0,1,10/18/2023 01:41:20,Merge branch 'GitstractorDesktop' into main,0
7ed462ff2489ed11144270127b55a936627099bf,0000000000000000000000000000000000000000,Deleted,GitStractor/GitStractor/Writers/CommitConsoleDataWriter.cs,0,13,0,1,10/18/2023 01:41:20,Merge branch 'GitstractorDesktop' into main,0
7ed462ff2489ed11144270127b55a936627099bf,0000000000000000000000000000000000000000,Deleted,GitStractor/GitStractor/Writers/CommitCsvDataWriter.cs,0,56,0,1,10/18/2023 01:41:20,Merge branch 'GitstractorDesktop' into main,0
7ed462ff2489ed11144270127b55a936627099bf,0000000000000000000000000000000000000000,Deleted,GitStractor/GitStractor/Writers/CommitDataWriter.cs,0,8,0,1,10/18/2023 01:41:20,Merge branch 'GitstractorDesktop' into main,0
7ed462ff2489ed11144270127b55a936627099bf,0000000000000000000000000000000000000000,Deleted,GitStractor/GitStractor/Writers/CommitInMemoryDataWriter.cs,0,28,0,1,10/18/2023 01:41:20,Merge branch 'GitstractorDesktop' into main,0
7ed462ff2489ed11144270127b55a936627099bf,0000000000000000000000000000000000000000,Deleted,GitStractor/GitStractor/Writers/DataWriterBase.cs,0,17,0,1,10/18/2023 01:41:20,Merge branch 'GitstractorDesktop' into main,0
7ed462ff2489ed11144270127b55a936627099bf,0000000000000000000000000000000000000000,Deleted,GitStractor/GitStractor/Writers/FileCommitCsvDataWriter.cs,0,28,0,1,10/18/2023 01:41:20,Merge branch 'GitstractorDesktop' into main,0
7ed462ff2489ed11144270127b55a936627099bf,0000000000000000000000000000000000000000,Deleted,GitStractor/GitStractor/Writers/FileCompoundDataWriter.cs,0,40,0,1,10/18/2023 01:41:20,Merge branch 'GitstractorDesktop' into main,0
7ed462ff2489ed11144270127b55a936627099bf,0000000000000000000000000000000000000000,Deleted,GitStractor/GitStractor/Writers/FileCsvDataWriter.cs,0,49,0,1,10/18/2023 01:41:20,Merge branch 'GitstractorDesktop' into main,0
7ed462ff2489ed11144270127b55a936627099bf,0000000000000000000000000000000000000000,Deleted,GitStractor/GitStractor/Writers/FileDataWriter.cs,0,8,0,1,10/18/2023 01:41:20,Merge branch 'GitstractorDesktop' into main,0
7ed462ff2489ed11144270127b55a936627099bf,0000000000000000000000000000000000000000,Deleted,GitStractor/GitStractor/Writers/FileInMemoryDataWriter.cs,0,28,0,1,10/18/2023 01:41:20,Merge branch 'GitstractorDesktop' into main,0
7ed462ff2489ed11144270127b55a936627099bf,da88771558f062decfaf5534098db7cef84e8631,Added,GitStractor/NuGet.Config,6,0,6,1,10/18/2023 01:41:20,Merge branch 'GitstractorDesktop' into main,0
7ed462ff2489ed11144270127b55a936627099bf,66376ff84c690d6388f0e3af697bcb927b879445,Added,Images/CircleLogoTrans.png,0,0,641,1,10/18/2023 01:41:20,Merge branch 'GitstractorDesktop' into main,0
7ed462ff2489ed11144270127b55a936627099bf,8a7f326d331852be44d35c069b41487b8181d502,Modified,Notebooks/GitStractor.ipynb,512672,41917,517184,1,10/18/2023 01:41:20,Merge branch 'GitstractorDesktop' into main,0
dfaa0c6e4c732b18d94681766511ed66032d8d16,0000000000000000000000000000000000000000,Deleted,GitStractor/GitStract/GitStract.csproj,0,27,0,1,10/18/2023 02:33:23,Got GitStractor ready for Momentum,0
dfaa0c6e4c732b18d94681766511ed66032d8d16,0000000000000000000000000000000000000000,Deleted,GitStractor/GitStract/Program.cs,0,46,0,1,10/18/2023 02:33:23,Got GitStractor ready for Momentum,0
dfaa0c6e4c732b18d94681766511ed66032d8d16,0000000000000000000000000000000000000000,Deleted,GitStractor/GitStract/favicon.ico,0,0,0,1,10/18/2023 02:33:23,Got GitStractor ready for Momentum,0
dfaa0c6e4c732b18d94681766511ed66032d8d16,57d957e8c0d57e48aa5070b527697a264ca5addf,Modified,GitStractor/GitStractor-Extract/GitStractorExtract.cs,0,2,52,1,10/18/2023 02:33:23,Got GitStractor ready for Momentum,0
dfaa0c6e4c732b18d94681766511ed66032d8d16,0000000000000000000000000000000000000000,Deleted,GitStractor/GitStractor.Desktop/App.xaml,0,42,0,1,10/18/2023 02:33:23,Got GitStractor ready for Momentum,0
dfaa0c6e4c732b18d94681766511ed66032d8d16,0000000000000000000000000000000000000000,Deleted,GitStractor/GitStractor.Desktop/App.xaml.cs,0,26,0,1,10/18/2023 02:33:23,Got GitStractor ready for Momentum,0
dfaa0c6e4c732b18d94681766511ed66032d8d16,0000000000000000000000000000000000000000,Deleted,GitStractor/GitStractor.Desktop/Commands/AnalyzeCommand.cs,0,78,0,1,10/18/2023 02:33:23,Got GitStractor ready for Momentum,0
dfaa0c6e4c732b18d94681766511ed66032d8d16,0000000000000000000000000000000000000000,Deleted,GitStractor/GitStractor.Desktop/Commands/AnalyzeFilesCommand.cs,0,37,0,1,10/18/2023 02:33:23,Got GitStractor ready for Momentum,0
dfaa0c6e4c732b18d94681766511ed66032d8d16,0000000000000000000000000000000000000000,Deleted,GitStractor/GitStractor.Desktop/Commands/CommandBase.cs,0,18,0,1,10/18/2023 02:33:23,Got GitStractor ready for Momentum,0
dfaa0c6e4c732b18d94681766511ed66032d8d16,0000000000000000000000000000000000000000,Deleted,GitStractor/GitStractor.Desktop/Commands/ExitCommand.cs,0,18,0,1,10/18/2023 02:33:23,Got GitStractor ready for Momentum,0
dfaa0c6e4c732b18d94681766511ed66032d8d16,0000000000000000000000000000000000000000,Deleted,GitStractor/GitStractor.Desktop/Commands/NotImplementedCommand.cs,0,21,0,1,10/18/2023 02:33:23,Got GitStractor ready for Momentum,0
dfaa0c6e4c732b18d94681766511ed66032d8d16,0000000000000000000000000000000000000000,Deleted,GitStractor/GitStractor.Desktop/Commands/ShowAboutInfoCommand.cs,0,29,0,1,10/18/2023 02:33:23,Got GitStractor ready for Momentum,0
dfaa0c6e4c732b18d94681766511ed66032d8d16,0000000000000000000000000000000000000000,Deleted,GitStractor/GitStractor.Desktop/Commands/ShowAnalyzeCommand.cs,0,24,0,1,10/18/2023 02:33:23,Got GitStractor ready for Momentum,0
dfaa0c6e4c732b18d94681766511ed66032d8d16,0000000000000000000000000000000000000000,Deleted,GitStractor/GitStractor.Desktop/Commands/ShowWelcomeCommand.cs,0,24,0,1,10/18/2023 02:33:23,Got GitStractor ready for Momentum,0
dfaa0c6e4c732b18d94681766511ed66032d8d16,0000000000000000000000000000000000000000,Deleted,GitStractor/GitStractor.Desktop/Controls/AuthorsOverTimeChart.xaml,0,39,0,1,10/18/2023 02:33:23,Got GitStractor ready for Momentum,0
dfaa0c6e4c732b18d94681766511ed66032d8d16,0000000000000000000000000000000000000000,Deleted,GitStractor/GitStractor.Desktop/Controls/AuthorsOverTimeChart.xaml.cs,0,28,0,1,10/18/2023 02:33:23,Got GitStractor ready for Momentum,0
dfaa0c6e4c732b18d94681766511ed66032d8d16,0000000000000000000000000000000000000000,Deleted,GitStractor/GitStractor.Desktop/Controls/FileCommitsTreeMap.xaml,0,64,0,1,10/18/2023 02:33:23,Got GitStractor ready for Momentum,0
dfaa0c6e4c732b18d94681766511ed66032d8d16,0000000000000000000000000000000000000000,Deleted,GitStractor/GitStractor.Desktop/Controls/FileCommitsTreeMap.xaml.cs,0,28,0,1,10/18/2023 02:33:23,Got GitStractor ready for Momentum,0
dfaa0c6e4c732b18d94681766511ed66032d8d16,0000000000000000000000000000000000000000,Deleted,GitStractor/GitStractor.Desktop/Controls/FilesPerCommitChart.xaml,0,39,0,1,10/18/2023 02:33:23,Got GitStractor ready for Momentum,0
dfaa0c6e4c732b18d94681766511ed66032d8d16,0000000000000000000000000000000000000000,Deleted,GitStractor/GitStractor.Desktop/Controls/FilesPerCommitChart.xaml.cs,0,28,0,1,10/18/2023 02:33:23,Got GitStractor ready for Momentum,0
dfaa0c6e4c732b18d94681766511ed66032d8d16,0000000000000000000000000000000000000000,Deleted,GitStractor/GitStractor.Desktop/Converters/BoolToVisibilityConverter.cs,0,34,0,1,10/18/2023 02:33:23,Got GitStractor ready for Momentum,0
dfaa0c6e4c732b18d94681766511ed66032d8d16,0000000000000000000000000000000000000000,Deleted,GitStractor/GitStractor.Desktop/GitStractor.Desktop.csproj,0,106,0,1,10/18/2023 02:33:23,Got GitStractor ready for Momentum,0
dfaa0c6e4c732b18d94681766511ed66032d8d16,0000000000000000000000000000000000000000,Deleted,GitStractor/GitStractor.Desktop/Gitstractor.png,0,0,0,1,10/18/2023 02:33:23,Got GitStractor ready for Momentum,0
dfaa0c6e4c732b18d94681766511ed66032d8d16,0000000000000000000000000000000000000000,Deleted,GitStractor/GitStractor.Desktop/MainWindow.xaml,0,51,0,1,10/18/2023 02:33:23,Got GitStractor ready for Momentum,0
dfaa0c6e4c732b18d94681766511ed66032d8d16,0000000000000000000000000000000000000000,Deleted,GitStractor/GitStractor.Desktop/MainWindow.xaml.cs,0,29,0,1,10/18/2023 02:33:23,Got GitStractor ready for Momentum,0
dfaa0c6e4c732b18d94681766511ed66032d8d16,0000000000000000000000000000000000000000,Deleted,GitStractor/GitStractor.Desktop/Pages/AnalysisResultsPage.xaml,0,28,0,1,10/18/2023 02:33:23,Got GitStractor ready for Momentum,0
dfaa0c6e4c732b18d94681766511ed66032d8d16,0000000000000000000000000000000000000000,Deleted,GitStractor/GitStractor.Desktop/Pages/AnalysisResultsPage.xaml.cs,0,30,0,1,10/18/2023 02:33:23,Got GitStractor ready for Momentum,0
dfaa0c6e4c732b18d94681766511ed66032d8d16,0000000000000000000000000000000000000000,Deleted,GitStractor/GitStractor.Desktop/Pages/AnalyzeRepositoryPage.xaml,0,37,0,1,10/18/2023 02:33:23,Got GitStractor ready for Momentum,0
dfaa0c6e4c732b18d94681766511ed66032d8d16,0000000000000000000000000000000000000000,Deleted,GitStractor/GitStractor.Desktop/Pages/AnalyzeRepositoryPage.xaml.cs,0,27,0,1,10/18/2023 02:33:23,Got GitStractor ready for Momentum,0
dfaa0c6e4c732b18d94681766511ed66032d8d16,0000000000000000000000000000000000000000,Deleted,GitStractor/GitStractor.Desktop/Pages/WelcomePage.xaml,0,30,0,1,10/18/2023 02:33:23,Got GitStractor ready for Momentum,0
dfaa0c6e4c732b18d94681766511ed66032d8d16,0000000000000000000000000000000000000000,Deleted,GitStractor/GitStractor.Desktop/Pages/WelcomePage.xaml.cs,0,27,0,1,10/18/2023 02:33:23,Got GitStractor ready for Momentum,0
dfaa0c6e4c732b18d94681766511ed66032d8d16,0000000000000000000000000000000000000000,Deleted,GitStractor/GitStractor.Desktop/ViewModels/AnalyzeViewModel.cs,0,89,0,1,10/18/2023 02:33:23,Got GitStractor ready for Momentum,0
dfaa0c6e4c732b18d94681766511ed66032d8d16,0000000000000000000000000000000000000000,Deleted,GitStractor/GitStractor.Desktop/ViewModels/AppViewModel.cs,0,136,0,1,10/18/2023 02:33:23,Got GitStractor ready for Momentum,0
dfaa0c6e4c732b18d94681766511ed66032d8d16,0000000000000000000000000000000000000000,Deleted,GitStractor/GitStractor.Desktop/ViewModels/GradientColorizer.cs,0,23,0,1,10/18/2023 02:33:23,Got GitStractor ready for Momentum,0
dfaa0c6e4c732b18d94681766511ed66032d8d16,0000000000000000000000000000000000000000,Deleted,GitStractor/GitStractor.Desktop/ViewModels/ITreeMapNode.cs,0,13,0,1,10/18/2023 02:33:23,Got GitStractor ready for Momentum,0
dfaa0c6e4c732b18d94681766511ed66032d8d16,0000000000000000000000000000000000000000,Deleted,GitStractor/GitStractor.Desktop/ViewModels/ParentTreeMapNode.cs,0,32,0,1,10/18/2023 02:33:23,Got GitStractor ready for Momentum,0
dfaa0c6e4c732b18d94681766511ed66032d8d16,0000000000000000000000000000000000000000,Deleted,GitStractor/GitStractor.Desktop/ViewModels/ReportViewModel.cs,0,166,0,1,10/18/2023 02:33:23,Got GitStractor ready for Momentum,0
dfaa0c6e4c732b18d94681766511ed66032d8d16,0000000000000000000000000000000000000000,Deleted,GitStractor/GitStractor.Desktop/ViewModels/TreeMapNode.cs,0,28,0,1,10/18/2023 02:33:23,Got GitStractor ready for Momentum,0
dfaa0c6e4c732b18d94681766511ed66032d8d16,0000000000000000000000000000000000000000,Deleted,GitStractor/GitStractor.Desktop/favicon.ico,0,0,0,1,10/18/2023 02:33:23,Got GitStractor ready for Momentum,0
dfaa0c6e4c732b18d94681766511ed66032d8d16,0556a7bf4458d7d1903847bffe3d1a974a200e93,Modified,GitStractor/GitStractor.Workers/GitStractorExtractOptions.cs,2,1,20,1,10/18/2023 02:33:23,Got GitStractor ready for Momentum,0
dfaa0c6e4c732b18d94681766511ed66032d8d16,3a4cedd9f183b095d05568be043f992064dee4de,Modified,GitStractor/GitStractor.sln,0,6,56,1,10/18/2023 02:33:23,Got GitStractor ready for Momentum,0
dfaa0c6e4c732b18d94681766511ed66032d8d16,bb2196787ef2beacffc774e3bbe0e462e1b85167,Modified,GitStractor/GitStractor/GitDataExtractor.cs,3,5,211,1,10/18/2023 02:33:23,Got GitStractor ready for Momentum,0
dfaa0c6e4c732b18d94681766511ed66032d8d16,0adfce787b762b5ee9d320ed04f2c6e060d9cb4a,Modified,README.md,57,36,107,1,10/18/2023 02:33:23,Got GitStractor ready for Momentum,0
b08008f0869739ad206b7e95380d7e8ac2fd0cd7,a67d3eeec33ff6d9861eaaca21ef3a3f0a5b82dc,Modified,GitStractor/GitStractor-Extract/GitStractor-Extract.csproj,1,1,39,1,10/18/2023 02:33:34,Merge remote-tracking branch 'origin/dependabot/nuget/GitStractor/GitStractor-Extract/Microsoft.NET.Build.Containers-7.0.307' into main,0
9bb77d147ce84965c49bc860a4e7cb1f23eaa69c,a36abb0dde7843aa902b0baaf0f5394aa993ec88,Modified,GitStractor/GitStractor-Extract/Properties/launchSettings.json,1,1,13,1,10/18/2023 14:11:02,A few final prep tasks,0
9bb77d147ce84965c49bc860a4e7cb1f23eaa69c,c5c90bd0618cc2dfa27901c746e4141d1547ef79,Modified,Notebooks/GitStractor.ipynb,1068762,489394,1096552,1,10/18/2023 14:11:02,A few final prep tasks,0
967349c1288f6b8e636b2ec2715b6fb652423986,83619bb8b8d10127f1e3c7257c5ba7c3d46e0841,Modified,GitStractor/.idea/.idea.GitStractor/.idea/.gitignore,2,0,15,1,05/27/2024 23:58:32,.NET 8 Targets,0
967349c1288f6b8e636b2ec2715b6fb652423986,0972a6998a2df553718dcdd8db4927b88d2c0c2b,Modified,GitStractor/.idea/.idea.GitStractor/.idea/indexLayout.xml,3,1,10,1,05/27/2024 23:58:32,.NET 8 Targets,0
967349c1288f6b8e636b2ec2715b6fb652423986,43c629db16b853202a2b0c567413a99439e61f0b,Modified,GitStractor/GitStractor-Acquisition/GitStractor-Acquire.csproj,2,1,38,1,05/27/2024 23:58:32,.NET 8 Targets,0
967349c1288f6b8e636b2ec2715b6fb652423986,852e7c02dd027f5ab802da7fc6763ec1540db521,Modified,GitStractor/GitStractor-Extract/GitStractor-Extract.csproj,2,1,40,1,05/27/2024 23:58:32,.NET 8 Targets,0
967349c1288f6b8e636b2ec2715b6fb652423986,252e3e51f2c161b3390ce642467c941b967730ab,Modified,GitStractor/GitStractor.Tests/GitStractor.Tests.csproj,3,1,33,1,05/27/2024 23:58:32,.NET 8 Targets,0
967349c1288f6b8e636b2ec2715b6fb652423986,efb11bc50f3c357f7d9eebc25fa3f20b812092d2,Modified,GitStractor/GitStractor.Workers/GitStractor.Workers.csproj,2,1,22,1,05/27/2024 23:58:32,.NET 8 Targets,0
967349c1288f6b8e636b2ec2715b6fb652423986,45a1e86d017fefe4cc0a483853d7d01bd9b52963,Modified,GitStractor/GitStractor/GitStractor.csproj,2,1,39,1,05/27/2024 23:58:32,.NET 8 Targets,0
212ff7b956324781baf7939c76bacba9cd38dfa1,9e26dfeeb6e641a33dae4961196235bdb965b21b,Added,GitStractor/.vscode/settings.json,1,0,1,1,05/28/2024 00:54:57,Working on a Spectre implementation,0
212ff7b956324781baf7939c76bacba9cd38dfa1,045a81f07eb9629228771dd129977d37e6b41676,Modified,GitStractor/GitStractor.sln,6,0,62,1,05/28/2024 00:54:57,Working on a Spectre implementation,0
212ff7b956324781baf7939c76bacba9cd38dfa1,4dc3d942f8b5540b3e8a7a95e09d1798a67e169e,Added,GitStractor/GitstractorConsole/GitstractorConsole.csproj,21,0,21,1,05/28/2024 00:54:57,Working on a Spectre implementation,0
212ff7b956324781baf7939c76bacba9cd38dfa1,5cb87174cb04c02426867934f7665521f5b80cdc,Added,GitStractor/GitstractorConsole/Program.cs,71,0,71,1,05/28/2024 00:54:57,Working on a Spectre implementation,0
212ff7b956324781baf7939c76bacba9cd38dfa1,9ce5eaa95c0599cea1a45ba14ad7a8691bb5b3ec,Modified,GitStractor/NuGet.Config,3,3,6,1,05/28/2024 00:54:57,Working on a Spectre implementation,0
9172d331d3cc1c90a7296df57166d275ec8eaacd,a6e5ca3e399ab205a46ca843c3cc1a109b86cd91,Modified,GitStractor/GitStractor/GitObservers/FileWriterObserverBase.cs,3,0,62,1,05/28/2024 00:59:41,Fixed linux extraction bug when directory doesn't exist,0
52a8f2bce57b12decdf7157c920e4dd9ae99e70f,6b27044a189f277445a037290c6997c43a75dcfb,Added,GitStractor/GitstractorConsole/AnsiConsoleCommitLogger.cs,37,0,37,1,05/31/2024 01:30:40,Displaying progress,0
52a8f2bce57b12decdf7157c920e4dd9ae99e70f,f088624fd8a51530973bf87fcb3a7f5cb87655d0,Added,GitStractor/GitstractorConsole/AnsiConsoleProgressLogger.cs,57,0,57,1,05/31/2024 01:30:40,Displaying progress,0
52a8f2bce57b12decdf7157c920e4dd9ae99e70f,99293e47d8325a5e4e76c4a2b4d395e1b61d1e91,Modified,GitStractor/GitstractorConsole/Program.cs,29,24,76,1,05/31/2024 01:30:40,Displaying progress,0
