Commit Sha,File Sha,Lines,Path,Path1,Path2,Path3,Extension
19717eaecc5ecbac9620ae3e344842b53931a73f,1ff0c423042b46cb1d617b81efb715defbe8054d,63,.gitattributes,.gitattributes,,,.gitattributes
19717eaecc5ecbac9620ae3e344842b53931a73f,80f5eb53cfbf20f65a8fc652b9379ef7440bd9a1,345,.gitignore,.gitignore,,,.gitignore
19717eaecc5ecbac9620ae3e344842b53931a73f,e69de29bb2d1d6434b8b29ae775ad8c2e48c5391,0,.sonarcloud.properties,.sonarcloud.properties,,,.properties
19717eaecc5ecbac9620ae3e344842b53931a73f,fb4d8e867fac6bb89e1fd5fff9a546cce46fe558,42,Emergence.sln,Emergence.sln,,,.sln
19717eaecc5ecbac9620ae3e344842b53931a73f,49a0e3ace102407af2920f4cb5d25401383deb23,9,MattEland.Emergence.WinCore.sln.DotSettings,MattEland.Emergence.WinCore.sln.DotSettings,,,.DotSettings
19717eaecc5ecbac9620ae3e344842b53931a73f,5881f31f3e9100351f00d2c82c209445f3b8906f,7,Sonar.bat,Sonar.bat,,,.bat
19717eaecc5ecbac9620ae3e344842b53931a73f,7dc3307f0e7927746ef6c85d8f6316c517295e1d,39,azure-pipelines.yml,azure-pipelines.yml,,,.yml
19717eaecc5ecbac9620ae3e344842b53931a73f,0db11657ef0acbf841f7dcb5851b6481d6f84faf,379,.sonarlint/IntegerMan_Emergence-CoreCSharp.ruleset,.sonarlint,IntegerMan_Emergence-CoreCSharp.ruleset,,.ruleset
19717eaecc5ecbac9620ae3e344842b53931a73f,08077817ef13d19dd64d2eda2b6d05ff9f28e367,15,.sonarlint/MattEland.Emergence.WinCore.slconfig,.sonarlint,MattEland.Emergence.WinCore.slconfig,,.slconfig
19717eaecc5ecbac9620ae3e344842b53931a73f,9ac86045b937375d4c984e356f02bd4fdebd1043,42,MattEland.Emergence.Engine/MattEland.Emergence.Engine.csproj,MattEland.Emergence.Engine,MattEland.Emergence.Engine.csproj,,.csproj
19717eaecc5ecbac9620ae3e344842b53931a73f,827ea82f57bc6881b661e9e48123cd201b6efe8c,4,MattEland.Emergence.Engine/MattEland.Emergence.Engine.ruleset,MattEland.Emergence.Engine,MattEland.Emergence.Engine.ruleset,,.ruleset
19717eaecc5ecbac9620ae3e344842b53931a73f,86892cf72b8e9e3269b9ff6b8458feafe94298e6,31,MattEland.Emergence.Engine/RandomHelpers.cs,MattEland.Emergence.Engine,RandomHelpers.cs,,.cs
19717eaecc5ecbac9620ae3e344842b53931a73f,cb507a96c7cf8956a73736e601717a47f79b5d77,93,MattEland.Emergence.Tests/BehaviorTests.cs,MattEland.Emergence.Tests,BehaviorTests.cs,,.cs
19717eaecc5ecbac9620ae3e344842b53931a73f,84773d6f928abf19d6a4d978901e6e860c7cbc68,101,MattEland.Emergence.Tests/CombatTests.cs,MattEland.Emergence.Tests,CombatTests.cs,,.cs
19717eaecc5ecbac9620ae3e344842b53931a73f,31f9483d68fc1893532499bb49c2c164a800d63b,29,MattEland.Emergence.Tests/CoreTests.cs,MattEland.Emergence.Tests,CoreTests.cs,,.cs
19717eaecc5ecbac9620ae3e344842b53931a73f,43574ec1c0f8adc3ecedb3fba45d0afa4a65f374,68,MattEland.Emergence.Tests/CorruptionTests.cs,MattEland.Emergence.Tests,CorruptionTests.cs,,.cs
19717eaecc5ecbac9620ae3e344842b53931a73f,b3845da2b28727bb694456460bf5bff34bc441e5,43,MattEland.Emergence.Tests/DoorTests.cs,MattEland.Emergence.Tests,DoorTests.cs,,.cs
19717eaecc5ecbac9620ae3e344842b53931a73f,8fd09e01337ac478223eaa242b26d6603f29c640,85,MattEland.Emergence.Tests/EmergenceTestBase.cs,MattEland.Emergence.Tests,EmergenceTestBase.cs,,.cs
19717eaecc5ecbac9620ae3e344842b53931a73f,fad7dce28a581619141367a4a0e4f3515d01c629,33,MattEland.Emergence.Tests/ExplosionTests.cs,MattEland.Emergence.Tests,ExplosionTests.cs,,.cs
19717eaecc5ecbac9620ae3e344842b53931a73f,bf8f7bdd9f1e838ec06a034801312cb375e1941e,63,MattEland.Emergence.Tests/GameManagerTests.cs,MattEland.Emergence.Tests,GameManagerTests.cs,,.cs
19717eaecc5ecbac9620ae3e344842b53931a73f,251d203ade87476d0a9d454f4732f7f235a7b204,50,MattEland.Emergence.Tests/HelpTests.cs,MattEland.Emergence.Tests,HelpTests.cs,,.cs
19717eaecc5ecbac9620ae3e344842b53931a73f,656875bd295d4a59854c0750152e85bea71f9da0,65,MattEland.Emergence.Tests/LevelChangingTests.cs,MattEland.Emergence.Tests,LevelChangingTests.cs,,.cs
19717eaecc5ecbac9620ae3e344842b53931a73f,83085c4d8004c8c117cd26903dc88db01f8c128b,124,MattEland.Emergence.Tests/MattEland.Emergence.Tests.csproj,MattEland.Emergence.Tests,MattEland.Emergence.Tests.csproj,,.csproj
19717eaecc5ecbac9620ae3e344842b53931a73f,f7e7d469d4c9e9fe3512a9e6f2cc42728a781cbe,35,MattEland.Emergence.Tests/OperationsTests.cs,MattEland.Emergence.Tests,OperationsTests.cs,,.cs
19717eaecc5ecbac9620ae3e344842b53931a73f,bd5f74e7301dd4b40ddf9bbefa93ef2b924c63ef,30,MattEland.Emergence.Tests/PlayerSwitchTests.cs,MattEland.Emergence.Tests,PlayerSwitchTests.cs,,.cs
19717eaecc5ecbac9620ae3e344842b53931a73f,3f4c3c7e06347bb246ac672af486d3c1879dcd37,63,MattEland.Emergence.Tests/PlayerTests.cs,MattEland.Emergence.Tests,PlayerTests.cs,,.cs
19717eaecc5ecbac9620ae3e344842b53931a73f,80ba57238d64ff131e60a7cd6517a0cb4f7c4907,27,MattEland.Emergence.Tests/PosTests.cs,MattEland.Emergence.Tests,PosTests.cs,,.cs
19717eaecc5ecbac9620ae3e344842b53931a73f,0b137f3b63f101bd8fab8b66eef6e97fabb87e97,91,MattEland.Emergence.Tests/StatisticTests.cs,MattEland.Emergence.Tests,StatisticTests.cs,,.cs
19717eaecc5ecbac9620ae3e344842b53931a73f,20405adee8fcc753248cb26a014b96110f2c2676,64,MattEland.Emergence.Tests/TeleportationTests.cs,MattEland.Emergence.Tests,TeleportationTests.cs,,.cs
19717eaecc5ecbac9620ae3e344842b53931a73f,9257fd6ff20f8518bb1b25a64d95cc896927fe1c,57,MattEland.Emergence.Tests/TestRandomizer.cs,MattEland.Emergence.Tests,TestRandomizer.cs,,.cs
19717eaecc5ecbac9620ae3e344842b53931a73f,42f049434f0f4eeab721ebda9a944dd71f18185c,37,MattEland.Emergence.Tests/VisionTests.cs,MattEland.Emergence.Tests,VisionTests.cs,,.cs
19717eaecc5ecbac9620ae3e344842b53931a73f,304a1e9229e84701eff1931d440c66e1b596d29c,66,MattEland.Emergence.Tests/WallTests.cs,MattEland.Emergence.Tests,WallTests.cs,,.cs
19717eaecc5ecbac9620ae3e344842b53931a73f,7367f218b59546c743a8fc7ab9607a3f74f791de,11,MattEland.Emergence.Tests/WpfClientTests.cs,MattEland.Emergence.Tests,WpfClientTests.cs,,.cs
19717eaecc5ecbac9620ae3e344842b53931a73f,d968b232a64b3864fb471ce5ac21730e9b18e869,12,MattEland.Emergence.Tests/packages.config,MattEland.Emergence.Tests,packages.config,,.config
19717eaecc5ecbac9620ae3e344842b53931a73f,4bfa00561852104b3e1ee79a1d9d5ea28c262642,6,MattEland.Emergence.WpfCore/App.config,MattEland.Emergence.WpfCore,App.config,,.config
19717eaecc5ecbac9620ae3e344842b53931a73f,ac0140b74208e5e6f4b7478f7207089816d5c1fe,17,MattEland.Emergence.WpfCore/App.xaml,MattEland.Emergence.WpfCore,App.xaml,,.xaml
19717eaecc5ecbac9620ae3e344842b53931a73f,a9695f7b8756d4d4d280b7eebd7941d64f6343ef,24,MattEland.Emergence.WpfCore/App.xaml.cs,MattEland.Emergence.WpfCore,App.xaml.cs,,.cs
19717eaecc5ecbac9620ae3e344842b53931a73f,36e94a3bc805d6996040079f940992f4c675c2cf,31,MattEland.Emergence.WpfCore/CreateActorWindow.xaml,MattEland.Emergence.WpfCore,CreateActorWindow.xaml,,.xaml
19717eaecc5ecbac9620ae3e344842b53931a73f,70b1875f8e4546ab5a3792890d13ef0fdfcd6ca1,38,MattEland.Emergence.WpfCore/CreateActorWindow.xaml.cs,MattEland.Emergence.WpfCore,CreateActorWindow.xaml.cs,,.cs
19717eaecc5ecbac9620ae3e344842b53931a73f,1bc446a9a2c6f590c81357389228cf6b0584af8e,156,MattEland.Emergence.WpfCore/MainWindow.xaml,MattEland.Emergence.WpfCore,MainWindow.xaml,,.xaml
19717eaecc5ecbac9620ae3e344842b53931a73f,41bc79202afec7531fe53caa977eb094717f6f83,134,MattEland.Emergence.WpfCore/MainWindow.xaml.cs,MattEland.Emergence.WpfCore,MainWindow.xaml.cs,,.cs
19717eaecc5ecbac9620ae3e344842b53931a73f,1fe15fa17b07c66c1c16adad56a0e295f3448b92,167,MattEland.Emergence.WpfCore/MattEland.Emergence.WpfCore.csproj,MattEland.Emergence.WpfCore,MattEland.Emergence.WpfCore.csproj,,.csproj
19717eaecc5ecbac9620ae3e344842b53931a73f,827ea82f57bc6881b661e9e48123cd201b6efe8c,4,MattEland.Emergence.WpfCore/MattEland.Emergence.WpfCore.ruleset,MattEland.Emergence.WpfCore,MattEland.Emergence.WpfCore.ruleset,,.ruleset
19717eaecc5ecbac9620ae3e344842b53931a73f,2d0a8dbe9c5698a62ccd3cd9464361d16bea0859,11,MattEland.Emergence.WpfCore/favicon.ico,MattEland.Emergence.WpfCore,favicon.ico,,.ico
19717eaecc5ecbac9620ae3e344842b53931a73f,246d10fac43a7ee987d691c7e4d49bf7dbdc2a12,14,MattEland.Emergence.WpfCore/packages.config,MattEland.Emergence.WpfCore,packages.config,,.config
19717eaecc5ecbac9620ae3e344842b53931a73f,432972f143270ca0ea8e62f15ad2d6df51d4530e,17,MattEland.Emergence.Engine/AI/ActorBehaviorBase.cs,MattEland.Emergence.Engine,AI,ActorBehaviorBase.cs,.cs
19717eaecc5ecbac9620ae3e344842b53931a73f,57d447498147ead5637e606c8e3740a08745c97f,53,MattEland.Emergence.Engine/AI/ArtificialIntelligenceService.cs,MattEland.Emergence.Engine,AI,ArtificialIntelligenceService.cs,.cs
19717eaecc5ecbac9620ae3e344842b53931a73f,46d1e4cf6f3e269be6aedeb1820b22904c99e685,14,MattEland.Emergence.Engine/AI/BehaviorTreeResult.cs,MattEland.Emergence.Engine,AI,BehaviorTreeResult.cs,.cs
19717eaecc5ecbac9620ae3e344842b53931a73f,b8ee83b8fea6649e94e06f1b01b8065d87a16541,40,MattEland.Emergence.Engine/AI/CellScoringBehaviorBase.cs,MattEland.Emergence.Engine,AI,CellScoringBehaviorBase.cs,.cs
19717eaecc5ecbac9620ae3e344842b53931a73f,8e7f755bc904f94541b83ecc4f5f9a445d9e2d53,22,MattEland.Emergence.Engine/AI/CommonBehaviors.cs,MattEland.Emergence.Engine,AI,CommonBehaviors.cs,.cs
19717eaecc5ecbac9620ae3e344842b53931a73f,33f90b921b4b0b99c1b33197cba42bf914cacdc6,17,MattEland.Emergence.Engine/AI/IdleBehavior.cs,MattEland.Emergence.Engine,AI,IdleBehavior.cs,.cs
19717eaecc5ecbac9620ae3e344842b53931a73f,65cfe0b419bc35ade13deb8f9860e7c37c949b46,26,MattEland.Emergence.Engine/AI/MeleeAttackBehavior.cs,MattEland.Emergence.Engine,AI,MeleeAttackBehavior.cs,.cs
19717eaecc5ecbac9620ae3e344842b53931a73f,1bf103a3ea45e21931e9ad0f425491555a1e4c62,48,MattEland.Emergence.Engine/AI/MoveAwayFromEnemyBehavior.cs,MattEland.Emergence.Engine,AI,MoveAwayFromEnemyBehavior.cs,.cs
19717eaecc5ecbac9620ae3e344842b53931a73f,4bb85051ca39295fadd2b4788fc29674250d5d70,56,MattEland.Emergence.Engine/AI/MoveTowardsEnemyBehavior.cs,MattEland.Emergence.Engine,AI,MoveTowardsEnemyBehavior.cs,.cs
19717eaecc5ecbac9620ae3e344842b53931a73f,6aa303865ce59f245e0cd20148fa8d7e52145a2e,30,MattEland.Emergence.Engine/AI/WanderBehavior.cs,MattEland.Emergence.Engine,AI,WanderBehavior.cs,.cs
19717eaecc5ecbac9620ae3e344842b53931a73f,b08190d036a9a6c93ae10511d1b8a5dbc7229cff,20,MattEland.Emergence.Engine/Actions/CreateObjectAction.cs,MattEland.Emergence.Engine,Actions,CreateObjectAction.cs,.cs
19717eaecc5ecbac9620ae3e344842b53931a73f,857a381ad93695ead722695b65d128e34893e85f,23,MattEland.Emergence.Engine/Actions/DeleteObjectCommand.cs,MattEland.Emergence.Engine,Actions,DeleteObjectCommand.cs,.cs
19717eaecc5ecbac9620ae3e344842b53931a73f,f0584b839bb26ce461673a88c078e01840546ab0,10,MattEland.Emergence.Engine/Actions/GameActionBase.cs,MattEland.Emergence.Engine,Actions,GameActionBase.cs,.cs
19717eaecc5ecbac9620ae3e344842b53931a73f,270a77bb86d97f224c8ca063992b87add7e8e330,33,MattEland.Emergence.Engine/Commands/ArmorCommand.cs,MattEland.Emergence.Engine,Commands,ArmorCommand.cs,.cs
19717eaecc5ecbac9620ae3e344842b53931a73f,a7c34575ae74a89bbdf3d127b97c9d678fb2469a,81,MattEland.Emergence.Engine/Commands/BarrageCommand.cs,MattEland.Emergence.Engine,Commands,BarrageCommand.cs,.cs
19717eaecc5ecbac9620ae3e344842b53931a73f,34ba0dab99479d12f93896f256295105d1272ffe,62,MattEland.Emergence.Engine/Commands/BurstCommand.cs,MattEland.Emergence.Engine,Commands,BurstCommand.cs,.cs
19717eaecc5ecbac9620ae3e344842b53931a73f,cc92a88609a155e476ee6b726d749bd973dff9ff,60,MattEland.Emergence.Engine/Commands/CleanseCommand.cs,MattEland.Emergence.Engine,Commands,CleanseCommand.cs,.cs
19717eaecc5ecbac9620ae3e344842b53931a73f,a1db679468ffa5642c2d2306b917fe53f61e3194,22,MattEland.Emergence.Engine/Commands/CommandActivationType.cs,MattEland.Emergence.Engine,Commands,CommandActivationType.cs,.cs
19717eaecc5ecbac9620ae3e344842b53931a73f,fe28637b7f2c916f26ac26f2dae1f8b8fbb48886,65,MattEland.Emergence.Engine/Commands/CommandFactory.cs,MattEland.Emergence.Engine,Commands,CommandFactory.cs,.cs
19717eaecc5ecbac9620ae3e344842b53931a73f,725a15d92b4a2ef5bccad26ca92de2d3f7b96a11,17,MattEland.Emergence.Engine/Commands/CommandSlot.cs,MattEland.Emergence.Engine,Commands,CommandSlot.cs,.cs
19717eaecc5ecbac9620ae3e344842b53931a73f,865a020fdff2cc918d31672079030bc250358e6b,34,MattEland.Emergence.Engine/Commands/CorruptCommand.cs,MattEland.Emergence.Engine,Commands,CorruptCommand.cs,.cs
19717eaecc5ecbac9620ae3e344842b53931a73f,4178acf0d42b55d99966caed36b0a18ed90dc70c,51,MattEland.Emergence.Engine/Commands/EscapeCommand.cs,MattEland.Emergence.Engine,Commands,EscapeCommand.cs,.cs
19717eaecc5ecbac9620ae3e344842b53931a73f,8580f0699ed3b3510b807ce6f602d936ffa6065a,33,MattEland.Emergence.Engine/Commands/EvadeCommand.cs,MattEland.Emergence.Engine,Commands,EvadeCommand.cs,.cs
19717eaecc5ecbac9620ae3e344842b53931a73f,aa54fb464f36e2b68f01c3387e6af15bb0d52cad,165,MattEland.Emergence.Engine/Commands/GameCommand.cs,MattEland.Emergence.Engine,Commands,GameCommand.cs,.cs
19717eaecc5ecbac9620ae3e344842b53931a73f,0b08eace25eea943a99b2085502ad9293793c44f,37,MattEland.Emergence.Engine/Commands/InfectCommand.cs,MattEland.Emergence.Engine,Commands,InfectCommand.cs,.cs
19717eaecc5ecbac9620ae3e344842b53931a73f,56cfc4bde6487443fc6766b7c1756b47c229d816,44,MattEland.Emergence.Engine/Commands/MarkCommand.cs,MattEland.Emergence.Engine,Commands,MarkCommand.cs,.cs
19717eaecc5ecbac9620ae3e344842b53931a73f,bb8d098cfec3fd6705283f1096cca7baa36ce933,37,MattEland.Emergence.Engine/Commands/MoveCommand.cs,MattEland.Emergence.Engine,Commands,MoveCommand.cs,.cs
19717eaecc5ecbac9620ae3e344842b53931a73f,38f2660d12aa20c1b6fc2a58dbb46b87fd2fe5b3,33,MattEland.Emergence.Engine/Commands/OverclockCommand.cs,MattEland.Emergence.Engine,Commands,OverclockCommand.cs,.cs
19717eaecc5ecbac9620ae3e344842b53931a73f,91d96f73b1bba20e192b762db04abfa7c8a98dec,40,MattEland.Emergence.Engine/Commands/OverloadCommand.cs,MattEland.Emergence.Engine,Commands,OverloadCommand.cs,.cs
19717eaecc5ecbac9620ae3e344842b53931a73f,0254805a03bfdda35779e8cd31fb5a97904ab469,37,MattEland.Emergence.Engine/Commands/RecallCommand.cs,MattEland.Emergence.Engine,Commands,RecallCommand.cs,.cs
19717eaecc5ecbac9620ae3e344842b53931a73f,bfe4c8c2f04edd76cf94d43362a8f475b56f5a01,33,MattEland.Emergence.Engine/Commands/RestoreCommand.cs,MattEland.Emergence.Engine,Commands,RestoreCommand.cs,.cs
19717eaecc5ecbac9620ae3e344842b53931a73f,6ba7cd2e33b7f43fe53427b31989a29e3e887c3b,33,MattEland.Emergence.Engine/Commands/ScanCommand.cs,MattEland.Emergence.Engine,Commands,ScanCommand.cs,.cs
19717eaecc5ecbac9620ae3e344842b53931a73f,8c4febd8cfda1fd4cf66fae2973ce6f2fc69a94a,52,MattEland.Emergence.Engine/Commands/SpikeCommand.cs,MattEland.Emergence.Engine,Commands,SpikeCommand.cs,.cs
19717eaecc5ecbac9620ae3e344842b53931a73f,5a1ab31ff7eade585e9ba14f369f36ce196a214c,59,MattEland.Emergence.Engine/Commands/StabilizeCommand.cs,MattEland.Emergence.Engine,Commands,StabilizeCommand.cs,.cs
19717eaecc5ecbac9620ae3e344842b53931a73f,cecbde5763d0c860e89537cb81c86d2aa175e7fc,43,MattEland.Emergence.Engine/Commands/SurgeCommand.cs,MattEland.Emergence.Engine,Commands,SurgeCommand.cs,.cs
19717eaecc5ecbac9620ae3e344842b53931a73f,0924861672e30a6d13c1d05e1d3885506bfeed08,34,MattEland.Emergence.Engine/Commands/SwapCommand.cs,MattEland.Emergence.Engine,Commands,SwapCommand.cs,.cs
19717eaecc5ecbac9620ae3e344842b53931a73f,255fd3410602b76d3f2efda609d67d723c438616,33,MattEland.Emergence.Engine/Commands/TargetingCommand.cs,MattEland.Emergence.Engine,Commands,TargetingCommand.cs,.cs
19717eaecc5ecbac9620ae3e344842b53931a73f,3aae1283da6d99545f3827fb740398686462829b,16,MattEland.Emergence.Engine/Commands/UsageClassification.cs,MattEland.Emergence.Engine,Commands,UsageClassification.cs,.cs
19717eaecc5ecbac9620ae3e344842b53931a73f,4c58fbd7c8e066b0f051e44b3051c89ecf539b73,34,MattEland.Emergence.Engine/Commands/VirusSweepCommand.cs,MattEland.Emergence.Engine,Commands,VirusSweepCommand.cs,.cs
19717eaecc5ecbac9620ae3e344842b53931a73f,f936a7117b533b86d2535415873252cb33e51bbc,18,MattEland.Emergence.Engine/Commands/WaitCommand.cs,MattEland.Emergence.Engine,Commands,WaitCommand.cs,.cs
19717eaecc5ecbac9620ae3e344842b53931a73f,a19d746319ef1d41613a423e01eda9681e2dca84,32,MattEland.Emergence.Engine/DTOs/Actors.cs,MattEland.Emergence.Engine,DTOs,Actors.cs,.cs
19717eaecc5ecbac9620ae3e344842b53931a73f,a4c1eff69237c8278fa8a8385db4d59268cae9a7,31,MattEland.Emergence.Engine/DTOs/ClientMessageType.cs,MattEland.Emergence.Engine,DTOs,ClientMessageType.cs,.cs
19717eaecc5ecbac9620ae3e344842b53931a73f,560aae4afcaf95b9543090daaab8409b0c66b84e,18,MattEland.Emergence.Engine/Effects/ActivatedEffect.cs,MattEland.Emergence.Engine,Effects,ActivatedEffect.cs,.cs
19717eaecc5ecbac9620ae3e344842b53931a73f,a99f4da2afde4312f3d20b6b5cb5df8ea445a891,14,MattEland.Emergence.Engine/Effects/CapturedEffect.cs,MattEland.Emergence.Engine,Effects,CapturedEffect.cs,.cs
19717eaecc5ecbac9620ae3e344842b53931a73f,d2a2dee18e57d04425344c4a56c145cb63c5a19a,17,MattEland.Emergence.Engine/Effects/CellMarkedEffect.cs,MattEland.Emergence.Engine,Effects,CellMarkedEffect.cs,.cs
19717eaecc5ecbac9620ae3e344842b53931a73f,da689be6e836816404aecda5240c2699ba12c9b8,19,MattEland.Emergence.Engine/Effects/CleanseEffect.cs,MattEland.Emergence.Engine,Effects,CleanseEffect.cs,.cs
19717eaecc5ecbac9620ae3e344842b53931a73f,899a7c83f50da8de065314da0487bb068a4571b5,28,MattEland.Emergence.Engine/Effects/DamagedEffect.cs,MattEland.Emergence.Engine,Effects,DamagedEffect.cs,.cs
19717eaecc5ecbac9620ae3e344842b53931a73f,e31483132ee1c2fa7f0fb0cdea8952c97b9941af,17,MattEland.Emergence.Engine/Effects/DeactivatedEffect.cs,MattEland.Emergence.Engine,Effects,DeactivatedEffect.cs,.cs
19717eaecc5ecbac9620ae3e344842b53931a73f,c483c8340f7ddf6036d841d4fb7f981ad49f5c09,16,MattEland.Emergence.Engine/Effects/DestroyedEffect.cs,MattEland.Emergence.Engine,Effects,DestroyedEffect.cs,.cs
19717eaecc5ecbac9620ae3e344842b53931a73f,3bc893f0437e135f599a1ddeb5fd4c7fca52fe3c,16,MattEland.Emergence.Engine/Effects/EffectBase.cs,MattEland.Emergence.Engine,Effects,EffectBase.cs,.cs
19717eaecc5ecbac9620ae3e344842b53931a73f,c450f8bcf01c03621ad652cea392e0afdaa06c2d,26,MattEland.Emergence.Engine/Effects/EffectType.cs,MattEland.Emergence.Engine,Effects,EffectType.cs,.cs
19717eaecc5ecbac9620ae3e344842b53931a73f,3f848ce14ab90841d75dd78daa9daf837d8c7d9a,21,MattEland.Emergence.Engine/Effects/HelpTextEffect.cs,MattEland.Emergence.Engine,Effects,HelpTextEffect.cs,.cs
19717eaecc5ecbac9620ae3e344842b53931a73f,8958096ff2af5af72442221a8a808ee21950a702,17,MattEland.Emergence.Engine/Effects/MissedEffect.cs,MattEland.Emergence.Engine,Effects,MissedEffect.cs,.cs
19717eaecc5ecbac9620ae3e344842b53931a73f,55903b431a1486a593b13fbd001a95afe8d879f7,14,MattEland.Emergence.Engine/Effects/NoDamageEffect.cs,MattEland.Emergence.Engine,Effects,NoDamageEffect.cs,.cs
19717eaecc5ecbac9620ae3e344842b53931a73f,b2f23f73d5b9a25b48e557d072be57121e733a4b,18,MattEland.Emergence.Engine/Effects/OpsChangedEffect.cs,MattEland.Emergence.Engine,Effects,OpsChangedEffect.cs,.cs
19717eaecc5ecbac9620ae3e344842b53931a73f,ac89f9c626bf864aea5d443fe3834687b1fdc999,19,MattEland.Emergence.Engine/Effects/ProjectileEffect.cs,MattEland.Emergence.Engine,Effects,ProjectileEffect.cs,.cs
19717eaecc5ecbac9620ae3e344842b53931a73f,bd84e65a0b98b1943f2861742f1c3d0c10afd11d,24,MattEland.Emergence.Engine/Effects/SoundEffect.cs,MattEland.Emergence.Engine,Effects,SoundEffect.cs,.cs
19717eaecc5ecbac9620ae3e344842b53931a73f,b8263e5643d8d6d63c188c703def77fa222e7264,8,MattEland.Emergence.Engine/Effects/SoundEffects.cs,MattEland.Emergence.Engine,Effects,SoundEffects.cs,.cs
19717eaecc5ecbac9620ae3e344842b53931a73f,5edc8529e1fd1ecff650498af0debaa9e4543182,19,MattEland.Emergence.Engine/Effects/SpawnEffect.cs,MattEland.Emergence.Engine,Effects,SpawnEffect.cs,.cs
19717eaecc5ecbac9620ae3e344842b53931a73f,48c52ef921012ecfda70499f4e11f7219a1fbc53,18,MattEland.Emergence.Engine/Effects/StabilityRestoreEffect.cs,MattEland.Emergence.Engine,Effects,StabilityRestoreEffect.cs,.cs
19717eaecc5ecbac9620ae3e344842b53931a73f,6deda3c593efd77f668acec69e102aab3600eea0,22,MattEland.Emergence.Engine/Effects/TauntEffect.cs,MattEland.Emergence.Engine,Effects,TauntEffect.cs,.cs
19717eaecc5ecbac9620ae3e344842b53931a73f,c0bcb68e15dab5b9057b03b7b16f90c8ada2bd6a,22,MattEland.Emergence.Engine/Effects/TeleportEffect.cs,MattEland.Emergence.Engine,Effects,TeleportEffect.cs,.cs
19717eaecc5ecbac9620ae3e344842b53931a73f,7b82cc4bbad2d3dccfa29d112edfd315701c680b,192,MattEland.Emergence.Engine/Entities/GameObjectBase.cs,MattEland.Emergence.Engine,Entities,GameObjectBase.cs,.cs
19717eaecc5ecbac9620ae3e344842b53931a73f,1e610586265546a15c86d2bc615bc8d856d1a2d4,42,MattEland.Emergence.Engine/Entities/LevelService.cs,MattEland.Emergence.Engine,Entities,LevelService.cs,.cs
19717eaecc5ecbac9620ae3e344842b53931a73f,795e01bf48208e60069c04e243610089c1ab754c,54,MattEland.Emergence.Engine/Entities/OpenableGameObjectBase.cs,MattEland.Emergence.Engine,Entities,OpenableGameObjectBase.cs,.cs
19717eaecc5ecbac9620ae3e344842b53931a73f,1669acc431421b0c26e305fc2736bbb8b12487d8,22,MattEland.Emergence.Engine/Entities/WalkableObject.cs,MattEland.Emergence.Engine,Entities,WalkableObject.cs,.cs
19717eaecc5ecbac9620ae3e344842b53931a73f,99119787075dc00474adbd4e92479c177578e0fb,367,MattEland.Emergence.Engine/Game/CombatManager.cs,MattEland.Emergence.Engine,Game,CombatManager.cs,.cs
19717eaecc5ecbac9620ae3e344842b53931a73f,5408c0233093a43e95583dcd00e534969fd75479,164,MattEland.Emergence.Engine/Game/CorruptionHelper.cs,MattEland.Emergence.Engine,Game,CorruptionHelper.cs,.cs
19717eaecc5ecbac9620ae3e344842b53931a73f,5c94d08f5d19f315c88a7c3b43df68b48d48b54e,135,MattEland.Emergence.Engine/Game/FileSystemGameStateRepository.cs,MattEland.Emergence.Engine,Game,FileSystemGameStateRepository.cs,.cs
19717eaecc5ecbac9620ae3e344842b53931a73f,d72edaa344a767f3a817456c64a4033d035ea388,413,MattEland.Emergence.Engine/Game/GameContext.cs,MattEland.Emergence.Engine,Game,GameContext.cs,.cs
19717eaecc5ecbac9620ae3e344842b53931a73f,56da6c8381f22612310fb2d7cec4ebbc318478af,298,MattEland.Emergence.Engine/Game/GameObjectFactory.cs,MattEland.Emergence.Engine,Game,GameObjectFactory.cs,.cs
19717eaecc5ecbac9620ae3e344842b53931a73f,6e229b638a023274371e31fbd5fe61692551efd0,206,MattEland.Emergence.Engine/Game/GameService.cs,MattEland.Emergence.Engine,Game,GameService.cs,.cs
19717eaecc5ecbac9620ae3e344842b53931a73f,32f3bb7672da3a5b3c893edfab5574570923f62c,61,MattEland.Emergence.Engine/Game/HelpProvider.cs,MattEland.Emergence.Engine,Game,HelpProvider.cs,.cs
19717eaecc5ecbac9620ae3e344842b53931a73f,1310038c1a0cce583a1e60d613e5f53e5d48a47e,25,MattEland.Emergence.Engine/Level/ActorType.cs,MattEland.Emergence.Engine,Level,ActorType.cs,.cs
19717eaecc5ecbac9620ae3e344842b53931a73f,e06ef232b951079f4416e33971613985c3497e82,16,MattEland.Emergence.Engine/Level/Alignment.cs,MattEland.Emergence.Engine,Level,Alignment.cs,.cs
19717eaecc5ecbac9620ae3e344842b53931a73f,f50d565388f3f3f0b39f2514f6c7b755a63b6192,28,MattEland.Emergence.Engine/Level/EntityData.cs,MattEland.Emergence.Engine,Level,EntityData.cs,.cs
19717eaecc5ecbac9620ae3e344842b53931a73f,16b01ec288d96fb6b6796d8e88ba3732384ec9ec,34,MattEland.Emergence.Engine/Level/FloorType.cs,MattEland.Emergence.Engine,Level,FloorType.cs,.cs
19717eaecc5ecbac9620ae3e344842b53931a73f,0aadb655802e036e95cf061c10da1c801e4bb58f,199,MattEland.Emergence.Engine/Level/GameCell.cs,MattEland.Emergence.Engine,Level,GameCell.cs,.cs
19717eaecc5ecbac9620ae3e344842b53931a73f,4d07c796537877d2073824a27b1b893eccf4bf00,84,MattEland.Emergence.Engine/Level/GameObjectType.cs,MattEland.Emergence.Engine,Level,GameObjectType.cs,.cs
19717eaecc5ecbac9620ae3e344842b53931a73f,71236071af29d21c0f2af9ff94b216a56e2540f6,225,MattEland.Emergence.Engine/Level/LevelData.cs,MattEland.Emergence.Engine,Level,LevelData.cs,.cs
19717eaecc5ecbac9620ae3e344842b53931a73f,ca7b87519ab644a1923ced58a6b38b42c22fc575,55,MattEland.Emergence.Engine/Level/LevelType.cs,MattEland.Emergence.Engine,Level,LevelType.cs,.cs
19717eaecc5ecbac9620ae3e344842b53931a73f,191ff00d1c0fe7a19ccc513c50786f8723e63b0b,183,MattEland.Emergence.Engine/Level/Pos2D.cs,MattEland.Emergence.Engine,Level,Pos2D.cs,.cs
19717eaecc5ecbac9620ae3e344842b53931a73f,6a32ace82e8b41db55c4ec09feb723f1df1e89b3,17,MattEland.Emergence.Engine/Level/Pos2DJsonConverter.cs,MattEland.Emergence.Engine,Level,Pos2DJsonConverter.cs,.cs
19717eaecc5ecbac9620ae3e344842b53931a73f,74782c9e2fdf512f34d6d0cf36e04682aa29b177,52,MattEland.Emergence.Engine/Level/PosRepository.cs,MattEland.Emergence.Engine,Level,PosRepository.cs,.cs
19717eaecc5ecbac9620ae3e344842b53931a73f,65638ad9e732c38350047ed27ef5933b587bf451,36,MattEland.Emergence.Engine/Loot/LootEntry.cs,MattEland.Emergence.Engine,Loot,LootEntry.cs,.cs
19717eaecc5ecbac9620ae3e344842b53931a73f,b9aae7ab4826ac99c289b23a023b8f823c2bf239,121,MattEland.Emergence.Engine/Loot/LootProvider.cs,MattEland.Emergence.Engine,Loot,LootProvider.cs,.cs
19717eaecc5ecbac9620ae3e344842b53931a73f,89a9606af2c15e3a71b96ab9c849a8bb696bc4f1,12,MattEland.Emergence.Engine/Loot/LootType.cs,MattEland.Emergence.Engine,Loot,LootType.cs,.cs
19717eaecc5ecbac9620ae3e344842b53931a73f,e5368df3f6e75aaf9de00833463d925edbe9a3fa,17,MattEland.Emergence.Engine/Messages/ChangedLevelMessage.cs,MattEland.Emergence.Engine,Messages,ChangedLevelMessage.cs,.cs
19717eaecc5ecbac9620ae3e344842b53931a73f,7f3765109e2143ed3195baca7494870dca13002f,22,MattEland.Emergence.Engine/Messages/CreatedMessage.cs,MattEland.Emergence.Engine,Messages,CreatedMessage.cs,.cs
19717eaecc5ecbac9620ae3e344842b53931a73f,e52a41c40311465f7cb7e578fa164cc2a7b0e1ce,22,MattEland.Emergence.Engine/Messages/DestroyedMessage.cs,MattEland.Emergence.Engine,Messages,DestroyedMessage.cs,.cs
19717eaecc5ecbac9620ae3e344842b53931a73f,c2e1f783a9db4af5e9a8265d7f68a205a526cb1f,26,MattEland.Emergence.Engine/Messages/DisplayTextMessage.cs,MattEland.Emergence.Engine,Messages,DisplayTextMessage.cs,.cs
19717eaecc5ecbac9620ae3e344842b53931a73f,37bff7342a88cfada03143bdc2c1da27ed2804cd,13,MattEland.Emergence.Engine/Messages/GameMessage.cs,MattEland.Emergence.Engine,Messages,GameMessage.cs,.cs
19717eaecc5ecbac9620ae3e344842b53931a73f,c4cf961533d58a6214765fa40aa5e0e30b831c20,27,MattEland.Emergence.Engine/Messages/MovedMessage.cs,MattEland.Emergence.Engine,Messages,MovedMessage.cs,.cs
19717eaecc5ecbac9620ae3e344842b53931a73f,02b42507e23f05e1a57756aa673a43f392d9e136,23,MattEland.Emergence.Engine/Messages/ObjectUpdatedMessage.cs,MattEland.Emergence.Engine,Messages,ObjectUpdatedMessage.cs,.cs
19717eaecc5ecbac9620ae3e344842b53931a73f,09cfa137d40af0878cff3ff4bac31496dfc31928,19,MattEland.Emergence.Engine/Messages/VisibleCellsMessage.cs,MattEland.Emergence.Engine,Messages,VisibleCellsMessage.cs,.cs
19717eaecc5ecbac9620ae3e344842b53931a73f,d85ac4497dcfcb4acc57afc956fa5d65903b5403,27,MattEland.Emergence.Engine/Model/GameColors.cs,MattEland.Emergence.Engine,Model,GameColors.cs,.cs
19717eaecc5ecbac9620ae3e344842b53931a73f,c5158533bee939af908131952f039ea700532a69,10,MattEland.Emergence.Engine/Model/GameState.cs,MattEland.Emergence.Engine,Model,GameState.cs,.cs
19717eaecc5ecbac9620ae3e344842b53931a73f,caf2d32888b60423e3d22da67bf463fa2e61116e,21,MattEland.Emergence.Engine/Model/Health.cs,MattEland.Emergence.Engine,Model,Health.cs,.cs
19717eaecc5ecbac9620ae3e344842b53931a73f,213c814e1b3143d115c05bcef46b79e93284b7a1,10,MattEland.Emergence.Engine/Model/MoveDirection.cs,MattEland.Emergence.Engine,Model,MoveDirection.cs,.cs
19717eaecc5ecbac9620ae3e344842b53931a73f,6f498d0ab02abada9b48bbb357b73534c266572e,459,MattEland.Emergence.Engine/Properties/Resources.Designer.cs,MattEland.Emergence.Engine,Properties,Resources.Designer.cs,.cs
19717eaecc5ecbac9620ae3e344842b53931a73f,cf2293c6555637394ab7cf95f52b26ec445da66b,163,MattEland.Emergence.Engine/Properties/Resources.resx,MattEland.Emergence.Engine,Properties,Resources.resx,.resx
19717eaecc5ecbac9620ae3e344842b53931a73f,b8f2f207f9a56d0270ee641179da683e0eee8ef1,38,MattEland.Emergence.Engine/Resources/EncounterSets.txt,MattEland.Emergence.Engine,Resources,EncounterSets.txt,.txt
19717eaecc5ecbac9620ae3e344842b53931a73f,68698c8f218973a1425267b265ccd9fc501789b8,390,MattEland.Emergence.Engine/Resources/Encounters.json.txt,MattEland.Emergence.Engine,Resources,Encounters.json.txt,.txt
19717eaecc5ecbac9620ae3e344842b53931a73f,af0d613c1efa811a0d98f549bb85316ffd230845,162,MattEland.Emergence.Engine/Resources/Level1.txt,MattEland.Emergence.Engine,Resources,Level1.txt,.txt
19717eaecc5ecbac9620ae3e344842b53931a73f,f4d07f144c9f9ef71947878622663b414352fae6,246,MattEland.Emergence.Engine/Resources/Level2.txt,MattEland.Emergence.Engine,Resources,Level2.txt,.txt
19717eaecc5ecbac9620ae3e344842b53931a73f,ad36b39a780d9c1d449433b9bfd9567d663f0972,248,MattEland.Emergence.Engine/Resources/Level3.txt,MattEland.Emergence.Engine,Resources,Level3.txt,.txt
19717eaecc5ecbac9620ae3e344842b53931a73f,2096f82f2c26e7a71b045b2d871141f7e0971665,356,MattEland.Emergence.Engine/Resources/Level4.txt,MattEland.Emergence.Engine,Resources,Level4.txt,.txt
19717eaecc5ecbac9620ae3e344842b53931a73f,4b014c8eec401a5f0ee86054e5b5fc058d3fbf90,75,MattEland.Emergence.Engine/Resources/Level5.txt,MattEland.Emergence.Engine,Resources,Level5.txt,.txt
19717eaecc5ecbac9620ae3e344842b53931a73f,07029fc6aa94e8a3e2eba6e5e65e26f8fe042f90,12,MattEland.Emergence.Engine/Resources/LevelDoorsTest.txt,MattEland.Emergence.Engine,Resources,LevelDoorsTest.txt,.txt
19717eaecc5ecbac9620ae3e344842b53931a73f,ea57286598274875246982764653fe1f82b0c23e,12,MattEland.Emergence.Engine/Resources/LevelTrainDualRooms.txt,MattEland.Emergence.Engine,Resources,LevelTrainDualRooms.txt,.txt
19717eaecc5ecbac9620ae3e344842b53931a73f,7464ae6e155b9b9786dd109cdf1693206bbbcafd,12,MattEland.Emergence.Engine/Resources/LevelTrainFriendlyFireRoom.txt,MattEland.Emergence.Engine,Resources,LevelTrainFriendlyFireRoom.txt,.txt
19717eaecc5ecbac9620ae3e344842b53931a73f,bc37b7162815657ed6588967d5c8749abe1fb8c8,13,MattEland.Emergence.Engine/Resources/LevelTrainSingleRoom.txt,MattEland.Emergence.Engine,Resources,LevelTrainSingleRoom.txt,.txt
19717eaecc5ecbac9620ae3e344842b53931a73f,cd87f31fa1a1b00886b77a16c2f3b315eb3a9d51,12,MattEland.Emergence.Engine/Resources/LevelTraining.txt,MattEland.Emergence.Engine,Resources,LevelTraining.txt,.txt
19717eaecc5ecbac9620ae3e344842b53931a73f,e5e776dae35bf36c752ce5444e133de778489ff2,36,MattEland.Emergence.Engine/Resources/LevelTutorial.txt,MattEland.Emergence.Engine,Resources,LevelTutorial.txt,.txt
19717eaecc5ecbac9620ae3e344842b53931a73f,3f4603c2e07af1dae5d6c95e9be1246f854578c0,1461,MattEland.Emergence.Engine/Resources/Prefabs.txt,MattEland.Emergence.Engine,Resources,Prefabs.txt,.txt
19717eaecc5ecbac9620ae3e344842b53931a73f,07c7e8d0d23fb7f2727c79994f542884a5c05160,22,MattEland.Emergence.Engine/Services/ActorDamagedEventArgs.cs,MattEland.Emergence.Engine,Services,ActorDamagedEventArgs.cs,.cs
19717eaecc5ecbac9620ae3e344842b53931a73f,c32fd563dda2a75c13556c865b0bc2ce07b128eb,9,MattEland.Emergence.Engine/Services/DamageType.cs,MattEland.Emergence.Engine,Services,DamageType.cs,.cs
19717eaecc5ecbac9620ae3e344842b53931a73f,0b3cbcf9b6adb8d9dd62146418357c34eb443170,28,MattEland.Emergence.Engine/Services/IFieldOfViewProvider.cs,MattEland.Emergence.Engine,Services,IFieldOfViewProvider.cs,.cs
19717eaecc5ecbac9620ae3e344842b53931a73f,e9b450131719503a8355f2a3e43dc5d002c1ebe5,12,MattEland.Emergence.Engine/Services/Rarity.cs,MattEland.Emergence.Engine,Services,Rarity.cs,.cs
19717eaecc5ecbac9620ae3e344842b53931a73f,1caeb5b40586023a15bd3c124747526c53812cf8,30,MattEland.Emergence.Engine/Services/RarityHelper.cs,MattEland.Emergence.Engine,Services,RarityHelper.cs,.cs
19717eaecc5ecbac9620ae3e344842b53931a73f,0fed26291be15f9bb290de6fe2859be62f2f1a07,17,MattEland.Emergence.Engine/Vision/ColumnPortion.cs,MattEland.Emergence.Engine,Vision,ColumnPortion.cs,.cs
19717eaecc5ecbac9620ae3e344842b53931a73f,cbf32602d6aed98221bd9da1c98baad9b5f799bd,15,MattEland.Emergence.Engine/Vision/DirectionVector.cs,MattEland.Emergence.Engine,Vision,DirectionVector.cs,.cs
19717eaecc5ecbac9620ae3e344842b53931a73f,09c4b522da73258144ca709c08ebec6e79e598c9,218,MattEland.Emergence.Engine/Vision/ShadowCaster.cs,MattEland.Emergence.Engine,Vision,ShadowCaster.cs,.cs
19717eaecc5ecbac9620ae3e344842b53931a73f,78cb755136f501f0d64afc0a9117c6bd745a3041,41,MattEland.Emergence.Engine/Vision/ShadowCasterViewProvider.cs,MattEland.Emergence.Engine,Vision,ShadowCasterViewProvider.cs,.cs
19717eaecc5ecbac9620ae3e344842b53931a73f,0fc5c0c8168d2fc22797bacf476222a96ea689c8,23,MattEland.Emergence.Tests/Commands/EscapeCommandTests.cs,MattEland.Emergence.Tests,Commands,EscapeCommandTests.cs,.cs
19717eaecc5ecbac9620ae3e344842b53931a73f,29e52caa02bc0f0e302485200cea1884b51b3997,39,MattEland.Emergence.Tests/Commands/OverloadCommandTests.cs,MattEland.Emergence.Tests,Commands,OverloadCommandTests.cs,.cs
19717eaecc5ecbac9620ae3e344842b53931a73f,27840553480d6fd0f6a5ac4644d8468761c78dd1,40,MattEland.Emergence.Tests/Commands/ScanCommandTests.cs,MattEland.Emergence.Tests,Commands,ScanCommandTests.cs,.cs
19717eaecc5ecbac9620ae3e344842b53931a73f,c27a36e80b033148f6eb032e692dddc6d52dedcd,50,MattEland.Emergence.Tests/Commands/SwapCommandTests.cs,MattEland.Emergence.Tests,Commands,SwapCommandTests.cs,.cs
19717eaecc5ecbac9620ae3e344842b53931a73f,7eb1d8779b450c05766215e0b6cfecf6361ad5e2,19,MattEland.Emergence.Tests/Properties/AssemblyInfo.cs,MattEland.Emergence.Tests,Properties,AssemblyInfo.cs,.cs
19717eaecc5ecbac9620ae3e344842b53931a73f,c1da6c1771743067216e638b53e395b45f9af4de,25,MattEland.Emergence.Tests/ViewModels/CommandViewModelTests.cs,MattEland.Emergence.Tests,ViewModels,CommandViewModelTests.cs,.cs
19717eaecc5ecbac9620ae3e344842b53931a73f,80152e6aeecbf89ada53617bc4696b832a08d7d0,44,MattEland.Emergence.Tests/ViewModels/GameViewModelTests.cs,MattEland.Emergence.Tests,ViewModels,GameViewModelTests.cs,.cs
19717eaecc5ecbac9620ae3e344842b53931a73f,a26b7eea67dd916b2b1a9d4912457d614415b0c7,29,MattEland.Emergence.Tests/ViewModels/MessageViewModelTests.cs,MattEland.Emergence.Tests,ViewModels,MessageViewModelTests.cs,.cs
19717eaecc5ecbac9620ae3e344842b53931a73f,14da9a502c01036418f3a2762007de3c0f2e8c7d,53,MattEland.Emergence.WpfCore/Properties/AssemblyInfo.cs,MattEland.Emergence.WpfCore,Properties,AssemblyInfo.cs,.cs
19717eaecc5ecbac9620ae3e344842b53931a73f,180eed6c24944b81b293e3d12c236e6b8d379e66,63,MattEland.Emergence.WpfCore/Properties/Resources.Designer.cs,MattEland.Emergence.WpfCore,Properties,Resources.Designer.cs,.cs
19717eaecc5ecbac9620ae3e344842b53931a73f,af7dbebbacef595e3089c01c05671016c21a8304,117,MattEland.Emergence.WpfCore/Properties/Resources.resx,MattEland.Emergence.WpfCore,Properties,Resources.resx,.resx
19717eaecc5ecbac9620ae3e344842b53931a73f,7b9209899def80ef58897e2f3b74dd1485db9ac0,26,MattEland.Emergence.WpfCore/Properties/Settings.Designer.cs,MattEland.Emergence.WpfCore,Properties,Settings.Designer.cs,.cs
19717eaecc5ecbac9620ae3e344842b53931a73f,033d7a5e9e2266753180f4e3a9299f575046701e,7,MattEland.Emergence.WpfCore/Properties/Settings.settings,MattEland.Emergence.WpfCore,Properties,Settings.settings,.settings
19717eaecc5ecbac9620ae3e344842b53931a73f,cb8fd3dbfd49e6760c951cf7bbd6ff05077a3d82,23,MattEland.Emergence.WpfCore/ViewModels/ActorViewModel.cs,MattEland.Emergence.WpfCore,ViewModels,ActorViewModel.cs,.cs
19717eaecc5ecbac9620ae3e344842b53931a73f,494024a978c01b23673b1e090e7483329a7138ec,27,MattEland.Emergence.WpfCore/ViewModels/CommandViewModel.cs,MattEland.Emergence.WpfCore,ViewModels,CommandViewModel.cs,.cs
19717eaecc5ecbac9620ae3e344842b53931a73f,a6aef2a3d6d24f66291d90a20b39dbf5d2173157,42,MattEland.Emergence.WpfCore/ViewModels/CreateObjectViewModel.cs,MattEland.Emergence.WpfCore,ViewModels,CreateObjectViewModel.cs,.cs
19717eaecc5ecbac9620ae3e344842b53931a73f,1bb322005dc39432fed17bee1eac14dec860313f,305,MattEland.Emergence.WpfCore/ViewModels/GameViewModel.cs,MattEland.Emergence.WpfCore,ViewModels,GameViewModel.cs,.cs
19717eaecc5ecbac9620ae3e344842b53931a73f,a1040fe01af7243bc80b446aa803069f8da18433,19,MattEland.Emergence.WpfCore/ViewModels/MessageViewModel.cs,MattEland.Emergence.WpfCore,ViewModels,MessageViewModel.cs,.cs
19717eaecc5ecbac9620ae3e344842b53931a73f,0744dcf73107dfd34786e5117634bb79bf356aea,10,MattEland.Emergence.WpfCore/ViewModels/UIState.cs,MattEland.Emergence.WpfCore,ViewModels,UIState.cs,.cs
19717eaecc5ecbac9620ae3e344842b53931a73f,9506e01e63dcfd33cbf3d4e77182225229cd5840,17,MattEland.Emergence.WpfCore/ViewModels/ViewModelBase.cs,MattEland.Emergence.WpfCore,ViewModels,ViewModelBase.cs,.cs
19717eaecc5ecbac9620ae3e344842b53931a73f,9d1212d2d4caf6dfbab7a3fc6b6e75afec2ea4dc,116,MattEland.Emergence.WpfCore/ViewModels/WorldObjectViewModel.cs,MattEland.Emergence.WpfCore,ViewModels,WorldObjectViewModel.cs,.cs
19717eaecc5ecbac9620ae3e344842b53931a73f,5782bf0c38bdced5c7c876677af37bdc87b86558,265,MattEland.Emergence.Engine/Entities/Actors/Actor.cs,MattEland.Emergence.Engine,Entities,Actors,.cs
19717eaecc5ecbac9620ae3e344842b53931a73f,57eeea4534b39cffca0eef75ad551a16aefb85b3,29,MattEland.Emergence.Engine/Entities/Actors/AntiVirus.cs,MattEland.Emergence.Engine,Entities,Actors,.cs
19717eaecc5ecbac9620ae3e344842b53931a73f,732069998f16bee726c5dbfb1298be6058462a13,32,MattEland.Emergence.Engine/Entities/Actors/Bit.cs,MattEland.Emergence.Engine,Entities,Actors,.cs
19717eaecc5ecbac9620ae3e344842b53931a73f,f96536c1099444ea29b74b5eb5d6329524048798,34,MattEland.Emergence.Engine/Entities/Actors/Bug.cs,MattEland.Emergence.Engine,Entities,Actors,.cs
19717eaecc5ecbac9620ae3e344842b53931a73f,7922769425daba490a9c6a93f5c35c1a14cb8f46,25,MattEland.Emergence.Engine/Entities/Actors/Daemon.cs,MattEland.Emergence.Engine,Entities,Actors,.cs
19717eaecc5ecbac9620ae3e344842b53931a73f,6227e3491eb8ebbc86c5a8beac0a5eb851e68eb4,33,MattEland.Emergence.Engine/Entities/Actors/Feature.cs,MattEland.Emergence.Engine,Entities,Actors,.cs
19717eaecc5ecbac9620ae3e344842b53931a73f,c0a4f35dfa87ebec88b57f89e8d26d69a5171eeb,31,MattEland.Emergence.Engine/Entities/Actors/GarbageCollector.cs,MattEland.Emergence.Engine,Entities,Actors,.cs
19717eaecc5ecbac9620ae3e344842b53931a73f,563ccdc960ac581e4c57fcfddedd93745b3ef714,31,MattEland.Emergence.Engine/Entities/Actors/Glitch.cs,MattEland.Emergence.Engine,Entities,Actors,.cs
19717eaecc5ecbac9620ae3e344842b53931a73f,43e6ba7595f50991a8617b5d2d8baaefbf3bdf9f,31,MattEland.Emergence.Engine/Entities/Actors/Helpy.cs,MattEland.Emergence.Engine,Entities,Actors,.cs
19717eaecc5ecbac9620ae3e344842b53931a73f,42c7b99892c25c7a19d61e1f4e69de2a562ed2b6,32,MattEland.Emergence.Engine/Entities/Actors/Inspector.cs,MattEland.Emergence.Engine,Entities,Actors,.cs
19717eaecc5ecbac9620ae3e344842b53931a73f,c3185814098be4d59356401bfe7cf67a5fa188c5,34,MattEland.Emergence.Engine/Entities/Actors/KernelWorker.cs,MattEland.Emergence.Engine,Entities,Actors,.cs
19717eaecc5ecbac9620ae3e344842b53931a73f,940bf3c763fcb13107e2fac091d6076f20bc530e,111,MattEland.Emergence.Engine/Entities/Actors/LevelCore.cs,MattEland.Emergence.Engine,Entities,Actors,.cs
19717eaecc5ecbac9620ae3e344842b53931a73f,2addd6a07943a31c7446e6380ebf66697aee3833,33,MattEland.Emergence.Engine/Entities/Actors/LogicBomb.cs,MattEland.Emergence.Engine,Entities,Actors,.cs
19717eaecc5ecbac9620ae3e344842b53931a73f,8bafe2f62379d2a9dabc60a4b0ca188a9fd5bf98,250,MattEland.Emergence.Engine/Entities/Actors/Player.cs,MattEland.Emergence.Engine,Entities,Actors,.cs
19717eaecc5ecbac9620ae3e344842b53931a73f,07dbd3e108ebc7bc565e89346d57ead698d9ac4e,13,MattEland.Emergence.Engine/Entities/Actors/PlayerType.cs,MattEland.Emergence.Engine,Entities,Actors,.cs
19717eaecc5ecbac9620ae3e344842b53931a73f,326699558a58a50c980d59e6eb4834fc8e6f543d,34,MattEland.Emergence.Engine/Entities/Actors/QueryAgent.cs,MattEland.Emergence.Engine,Entities,Actors,.cs
19717eaecc5ecbac9620ae3e344842b53931a73f,cf8eea33402e632cc4302de098b70028f83ebf8d,33,MattEland.Emergence.Engine/Entities/Actors/SecurityAgent.cs,MattEland.Emergence.Engine,Entities,Actors,.cs
19717eaecc5ecbac9620ae3e344842b53931a73f,37675001b7013f5e6cdd8ab50edcc99bf8b5feee,32,MattEland.Emergence.Engine/Entities/Actors/SystemDefender.cs,MattEland.Emergence.Engine,Entities,Actors,.cs
19717eaecc5ecbac9620ae3e344842b53931a73f,f91a16cfdc06c5fa745dc5c1081ead10ef0eca07,34,MattEland.Emergence.Engine/Entities/Actors/Turret.cs,MattEland.Emergence.Engine,Entities,Actors,.cs
19717eaecc5ecbac9620ae3e344842b53931a73f,0a0049874236fcb00fab381ee2404bf37a39567f,34,MattEland.Emergence.Engine/Entities/Actors/Virus.cs,MattEland.Emergence.Engine,Entities,Actors,.cs
19717eaecc5ecbac9620ae3e344842b53931a73f,4202fe515a1f99c16c0a88582cd1b2f92af762fc,45,MattEland.Emergence.Engine/Entities/Actors/VirusActorBase.cs,MattEland.Emergence.Engine,Entities,Actors,.cs
19717eaecc5ecbac9620ae3e344842b53931a73f,fb0033c0a7800daf0caaed41158dfaf18666e955,55,MattEland.Emergence.Engine/Entities/Actors/Worm.cs,MattEland.Emergence.Engine,Entities,Actors,.cs
19717eaecc5ecbac9620ae3e344842b53931a73f,2282b90743c94bf22e134222ff1059fb97ad1e87,55,MattEland.Emergence.Engine/Entities/Items/CommandPickup.cs,MattEland.Emergence.Engine,Entities,Items,.cs
19717eaecc5ecbac9620ae3e344842b53931a73f,50551b2b0672ba6c1bbda20142d2c4133e300c36,39,MattEland.Emergence.Engine/Entities/Items/MaxOperationsPickup.cs,MattEland.Emergence.Engine,Entities,Items,.cs
19717eaecc5ecbac9620ae3e344842b53931a73f,b7ad1c31d0d647fc4cdbb33be188afc9b911f250,39,MattEland.Emergence.Engine/Entities/Items/MaxStabilityPickup.cs,MattEland.Emergence.Engine,Entities,Items,.cs
19717eaecc5ecbac9620ae3e344842b53931a73f,16b6dc05eb20b1a2c30dc12755b92d59257d0555,37,MattEland.Emergence.Engine/Entities/Items/OperationsPickup.cs,MattEland.Emergence.Engine,Entities,Items,.cs
19717eaecc5ecbac9620ae3e344842b53931a73f,99fe107a8eaa49cd27507dfa14453e23f9822d21,38,MattEland.Emergence.Engine/Entities/Items/StabilityPickup.cs,MattEland.Emergence.Engine,Entities,Items,.cs
19717eaecc5ecbac9620ae3e344842b53931a73f,e218f2bad3c7c442216343faa5e4e9c2282a2d3c,23,MattEland.Emergence.Engine/Entities/Obstacles/Cabling.cs,MattEland.Emergence.Engine,Entities,Obstacles,.cs
19717eaecc5ecbac9620ae3e344842b53931a73f,48046e4f70c161ae56572b55496f28c9140af449,74,MattEland.Emergence.Engine/Entities/Obstacles/CharacterSelectTile.cs,MattEland.Emergence.Engine,Entities,Obstacles,.cs
19717eaecc5ecbac9620ae3e344842b53931a73f,1a9fa1247861393d7d4e300b3481873569ee4074,42,MattEland.Emergence.Engine/Entities/Obstacles/DataStore.cs,MattEland.Emergence.Engine,Entities,Obstacles,.cs
19717eaecc5ecbac9620ae3e344842b53931a73f,00f74bede56bd86c09021d927a0da7d60e081d3e,22,MattEland.Emergence.Engine/Entities/Obstacles/Debris.cs,MattEland.Emergence.Engine,Entities,Obstacles,.cs
19717eaecc5ecbac9620ae3e344842b53931a73f,ace31625bc2c3237d87b4ee0bb1d00cda932ac16,35,MattEland.Emergence.Engine/Entities/Obstacles/Divider.cs,MattEland.Emergence.Engine,Entities,Obstacles,.cs
19717eaecc5ecbac9620ae3e344842b53931a73f,fc9cd8e6df622332ef5af0ec4f3ad9f937b1975f,80,MattEland.Emergence.Engine/Entities/Obstacles/Door.cs,MattEland.Emergence.Engine,Entities,Obstacles,.cs
19717eaecc5ecbac9620ae3e344842b53931a73f,f7103dabd9baa71e0c5a1c381c29f6b1237ba39a,53,MattEland.Emergence.Engine/Entities/Obstacles/Firewall.cs,MattEland.Emergence.Engine,Entities,Obstacles,.cs
19717eaecc5ecbac9620ae3e344842b53931a73f,3568d62f769558e283febf756b59b18e667c3cf7,52,MattEland.Emergence.Engine/Entities/Obstacles/Floor.cs,MattEland.Emergence.Engine,Entities,Obstacles,.cs
19717eaecc5ecbac9620ae3e344842b53931a73f,7368d80ae375cba2d2645f763384e582e2be2d23,40,MattEland.Emergence.Engine/Entities/Obstacles/HelpTile.cs,MattEland.Emergence.Engine,Entities,Obstacles,.cs
19717eaecc5ecbac9620ae3e344842b53931a73f,d85bda5459e77497da7d15d61e6b2308ad544286,37,MattEland.Emergence.Engine/Entities/Obstacles/LevelEntrance.cs,MattEland.Emergence.Engine,Entities,Obstacles,.cs
19717eaecc5ecbac9620ae3e344842b53931a73f,760de824687d55b2612dd8ea26b4d14cb2d61fc9,38,MattEland.Emergence.Engine/Entities/Obstacles/LevelExit.cs,MattEland.Emergence.Engine,Entities,Obstacles,.cs
19717eaecc5ecbac9620ae3e344842b53931a73f,a123d1691bb059e22184a7816de261caac366cbe,62,MattEland.Emergence.Engine/Entities/Obstacles/TreasureTrove.cs,MattEland.Emergence.Engine,Entities,Obstacles,.cs
19717eaecc5ecbac9620ae3e344842b53931a73f,5fbb6db654fe77c0c5fb68f1b534d165987be25b,48,MattEland.Emergence.Engine/Entities/Obstacles/Wall.cs,MattEland.Emergence.Engine,Entities,Obstacles,.cs
19717eaecc5ecbac9620ae3e344842b53931a73f,62f1b83c9099bc2646d7d49fcdbfeade2f42bfbb,37,MattEland.Emergence.Engine/Entities/Obstacles/Water.cs,MattEland.Emergence.Engine,Entities,Obstacles,.cs
19717eaecc5ecbac9620ae3e344842b53931a73f,46ffafc121d590925e39d3ec02fe73ae3c47fd26,70,MattEland.Emergence.Engine/Level/Generation/JsonDataProviderBase.cs,MattEland.Emergence.Engine,Level,Generation,.cs
19717eaecc5ecbac9620ae3e344842b53931a73f,2426db438ca28cdfdb1237c6ffac317b243d2738,466,MattEland.Emergence.Engine/Level/Generation/LevelBuilder.cs,MattEland.Emergence.Engine,Level,Generation,.cs
19717eaecc5ecbac9620ae3e344842b53931a73f,ef89296eb13e258f7dc7f1ee9c9d1f05d1d2eb24,17,MattEland.Emergence.Engine/Level/Generation/LevelGenerationParameters.cs,MattEland.Emergence.Engine,Level,Generation,.cs
19717eaecc5ecbac9620ae3e344842b53931a73f,437f4bfa0da43e2fd3c4e9ed6a236de823b82088,72,MattEland.Emergence.Engine/Level/Generation/LevelGenerationService.cs,MattEland.Emergence.Engine,Level,Generation,.cs
19717eaecc5ecbac9620ae3e344842b53931a73f,b0517bf49792dceaf8a1101a7ea0ebf5476ca7e1,18,MattEland.Emergence.Engine/Level/Generation/LevelInstruction.cs,MattEland.Emergence.Engine,Level,Generation,.cs
19717eaecc5ecbac9620ae3e344842b53931a73f,5ae48a7b9fcda15f7008281ac6e9948f99a600b4,28,MattEland.Emergence.Engine/Level/Generation/Encounters/EncounterData.cs,MattEland.Emergence.Engine,Level,Generation,.cs
19717eaecc5ecbac9620ae3e344842b53931a73f,7894e699fbd4865438a4671b3b11ada123362d74,22,MattEland.Emergence.Engine/Level/Generation/Encounters/EncounterDataProvider.cs,MattEland.Emergence.Engine,Level,Generation,.cs
19717eaecc5ecbac9620ae3e344842b53931a73f,23523a9f97d1e819a02ac6f8fe0ecfc0631a862a,12,MattEland.Emergence.Engine/Level/Generation/Encounters/EncounterDifficulty.cs,MattEland.Emergence.Engine,Level,Generation,.cs
19717eaecc5ecbac9620ae3e344842b53931a73f,ef0190a638080dad3f18f60e57b7cac3d695f172,8,MattEland.Emergence.Engine/Level/Generation/Encounters/EncounterElement.cs,MattEland.Emergence.Engine,Level,Generation,.cs
19717eaecc5ecbac9620ae3e344842b53931a73f,3c27aa98062b7008bacdff3292310a8a12971c40,32,MattEland.Emergence.Engine/Level/Generation/Encounters/EncounterEntityData.cs,MattEland.Emergence.Engine,Level,Generation,.cs
19717eaecc5ecbac9620ae3e344842b53931a73f,a93475564cea42a3bf0be7a57a6cc44879007d8a,22,MattEland.Emergence.Engine/Level/Generation/Encounters/EncounterSet.cs,MattEland.Emergence.Engine,Level,Generation,.cs
19717eaecc5ecbac9620ae3e344842b53931a73f,22fb87cc872e8359c60c506f64eec38a564a11ae,21,MattEland.Emergence.Engine/Level/Generation/Encounters/EncounterSetDataProvider.cs,MattEland.Emergence.Engine,Level,Generation,.cs
19717eaecc5ecbac9620ae3e344842b53931a73f,21d32a1be0abbf815a2d317d046924b545311561,180,MattEland.Emergence.Engine/Level/Generation/Encounters/EncountersService.cs,MattEland.Emergence.Engine,Level,Generation,.cs
19717eaecc5ecbac9620ae3e344842b53931a73f,90950413c756a9acfe5f9185aff59ba206990eaf,46,MattEland.Emergence.Engine/Level/Generation/Prefabs/LevelAssemblyInstruction.cs,MattEland.Emergence.Engine,Level,Generation,.cs
19717eaecc5ecbac9620ae3e344842b53931a73f,79773f4e22d71a7ff94e6f5b6bfb0cdca9e24375,47,MattEland.Emergence.Engine/Level/Generation/Prefabs/PrefabData.cs,MattEland.Emergence.Engine,Level,Generation,.cs
19717eaecc5ecbac9620ae3e344842b53931a73f,cd53d7a24a441e8d471e0979569fc183e9a8cf61,22,MattEland.Emergence.Engine/Level/Generation/Prefabs/PrefabDataProvider.cs,MattEland.Emergence.Engine,Level,Generation,.cs
19717eaecc5ecbac9620ae3e344842b53931a73f,d3ec3c674c473dd51b1a19cac45c8986628c489d,71,MattEland.Emergence.Engine/Level/Generation/Prefabs/PrefabLevelProvider.cs,MattEland.Emergence.Engine,Level,Generation,.cs
19717eaecc5ecbac9620ae3e344842b53931a73f,652fef571fb09e13587523948df0777673ffcf51,9,MattEland.Emergence.Engine/Level/Generation/Prefabs/PrefabMapping.cs,MattEland.Emergence.Engine,Level,Generation,.cs
19717eaecc5ecbac9620ae3e344842b53931a73f,10d7278e2bd80bf058215d25da3c3852e2e8fc26,226,MattEland.Emergence.Engine/Level/Generation/Prefabs/PrefabService.cs,MattEland.Emergence.Engine,Level,Generation,.cs
19717eaecc5ecbac9620ae3e344842b53931a73f,927c595e8afaf6c681d4a70ab5917fcb804763a8,28,MattEland.Emergence.Engine/Level/Generation/Prefabs/PrefabricatedLevel.cs,MattEland.Emergence.Engine,Level,Generation,.cs
